t_ms,X_area_frac,X_JMAK,k_fit,n_fit
0.0,2.7506355723897066e-05,0.0,0.0018736833917701427,2.5
1.0,0.0003444478518511477,1.5196391900396122e-07,0.0018736833917701427,2.5
2.0,0.0006777995227549751,8.59637436900762e-07,0.0018736833917701427,2.5
3.0,0.001021365610578657,2.3688804321464474e-06,0.0018736833917701427,2.5
4.0,0.0013796037055938079,4.862833954510926e-06,0.0018736833917701427,2.5
5.0,0.0017247671778817019,8.495005889064267e-06,0.0018736833917701427,2.5
6.0,0.0020878318905176835,1.3400337425695241e-05,0.0018736833917701427,2.5
7.0,0.0024592510897198695,1.970068559686844e-05,0.0018736833917701427,2.5
8.0,0.002839840049566066,2.7508031451684012e-05,0.0018736833917701427,2.5
9.0,0.0032567554439174615,3.692655332554473e-05,0.0018736833917701427,2.5
10.0,0.003633652992301336,4.8054059644697666e-05,0.0018736833917701427,2.5
11.0,0.004011693712632314,6.09830285214219e-05,0.0018736833917701427,2.5
12.0,0.004432022040979407,7.58013905429733e-05,0.0018736833917701427,2.5
13.0,0.00482276250427225,9.25931356723364e-05,0.0018736833917701427,2.5
14.0,0.005244644649096924,0.00011143879504793563,0.0018736833917701427,2.5
15.0,0.005640266027426756,0.00013241583101875065,0.0018736833917701427,2.5
16.0,0.006087022696450003,0.00015559895812577995,0.0018736833917701427,2.5
17.0,0.006475188779435694,0.00018106041098009396,0.0018736833917701427,2.5
18.0,0.006897211869948387,0.0002088701705411644,0.0018736833917701427,2.5
19.0,0.007322913691688472,0.000239096157277352,0.0018736833917701427,2.5
20.0,0.007751427599370125,0.00027180439758878183,0.0018736833917701427,2.5
21.0,0.008202010968208131,0.0003070591683731472,0.0018736833917701427,2.5
22.0,0.008612731580105538,0.00034492312352518706,0.0018736833917701427,2.5
23.0,0.009085847726375362,0.00038545740535589346,0.0018736833917701427,2.5
24.0,0.009517737502750635,0.00042872174331010093,0.0018736833917701427,2.5
25.0,0.009963031262826556,0.00047477454189992496,0.0018736833917701427,2.5
26.0,0.01038976603601031,0.0005236729594144673,0.0018736833917701427,2.5
27.0,0.010868559025908262,0.0005754729786868751,0.0018736833917701427,2.5
28.0,0.011260751863799457,0.0006302294709814582,0.0018736833917701427,2.5
29.0,0.0117324322173166,0.0006879962538838269,0.0018736833917701427,2.5
30.0,0.01222064467094595,0.0007488261439416721,0.0018736833917701427,2.5
31.0,0.012703224661769362,0.0008127710046825776,0.0018736833917701427,2.5
32.0,0.01312361297738158,0.0008798817905465439,0.0018736833917701427,2.5
33.0,0.013634951810648359,0.0009502085871910815,0.0018736833917701427,2.5
34.0,0.014056372032629954,0.0010238006485633333,0.0018736833917701427,2.5
35.0,0.014536740297864588,0.0011007064310794012,0.0018736833917701427,2.5
36.0,0.015000514362349362,0.0011809736252081926,0.0018736833917701427,2.5
37.0,0.015472150497611447,0.001264649184717137,0.0018736833917701427,2.5
38.0,0.015991221765993886,0.0013517793538063705,0.0018736833917701427,2.5
39.0,0.016435361624693143,0.0014424096923293384,0.0018736833917701427,2.5
40.0,0.016940695321656606,0.0015365850992766772,0.0018736833917701427,2.5
41.0,0.017393527318818304,0.0016343498346772511,0.0018736833917701427,2.5
42.0,0.017850173660694073,0.0017357475400548994,0.0018736833917701427,2.5
43.0,0.018398941844150956,0.001840821257563574,0.0018736833917701427,2.5
44.0,0.018931689883851674,0.0019496134479108918,0.0018736833917701427,2.5
45.0,0.019367976125263562,0.0020621660071675763,0.0018736833917701427,2.5
46.0,0.019908655001630866,0.0021785202825522765,0.0018736833917701427,2.5
47.0,0.020360965320923102,0.0022987170872710294,0.0018736833917701427,2.5
48.0,0.020917708591815062,0.0024227967144819784,0.0018736833917701427,2.5
49.0,0.021350191738157182,0.002550798950451627,0.0018736833917701427,2.5
50.0,0.021858268186187996,0.0026827630869619146,0.0018736833917701427,2.5
51.0,0.022376856386390566,0.002818727933019294,0.0018736833917701427,2.5
52.0,0.022887071973793655,0.002958731825917771,0.0018736833917701427,2.5
53.0,0.02340126232713914,0.00310281264169765,0.0018736833917701427,2.5
54.0,0.02396203693732921,0.003251007805041839,0.0018736833917701427,2.5
55.0,0.02445242193787283,0.003403354298647354,0.0018736833917701427,2.5
56.0,0.024951950883402695,0.0035598886721046608,0.0018736833917701427,2.5
57.0,0.02550124675971228,0.00372064705031816,0.0018736833917701427,2.5
58.0,0.026020274460108135,0.0038856651414946874,0.0018736833917701427,2.5
59.0,0.02655934349937027,0.0040549782447276694,0.0018736833917701427,2.5
60.0,0.027061173809995717,0.0042286212572022475,0.0018736833917701427,2.5
61.0,0.02758972631761297,0.004406628681041913,0.0018736833917701427,2.5
62.0,0.028112127610762844,0.004589034629819633,0.0018736833917701427,2.5
63.0,0.028656912444733708,0.004775872834751671,0.0018736833917701427,2.5
64.0,0.029221248250127608,0.004967176650593097,0.0018736833917701427,2.5
65.0,0.029810108605236592,0.005162979061251072,0.0018736833917701427,2.5
66.0,0.030318014926782395,0.0053633126851313495,0.0018736833917701427,2.5
67.0,0.03087152924901015,0.005568209780233535,0.0018736833917701427,2.5
68.0,0.03140680612584099,0.0057777022490076435,0.0018736833917701427,2.5
69.0,0.03194027472801872,0.005991821642984951,0.0018736833917701427,2.5
70.0,0.03246717900017844,0.006210599167194797,0.0018736833917701427,2.5
71.0,0.033061579805106725,0.00643406568437932,0.0018736833917701427,2.5
72.0,0.033588937932135916,0.006662251719014578,0.0018736833917701427,2.5
73.0,0.03418107277908615,0.006895187461150032,0.0018736833917701427,2.5
74.0,0.034706082396556606,0.0071329027700732794,0.0018736833917701427,2.5
75.0,0.03525254053383399,0.0073754271778104785,0.0018736833917701427,2.5
76.0,0.03580359692838448,0.007622789892469561,0.0018736833917701427,2.5
77.0,0.03641738153929468,0.007875019801433236,0.0018736833917701427,2.5
78.0,0.03694384392152457,0.008132145474410324,0.0018736833917701427,2.5
79.0,0.03752284953945387,0.008394195166351204,0.0018736833917701427,2.5
80.0,0.03813085469205108,0.008661196820233585,0.0018736833917701427,2.5
81.0,0.038671218432067535,0.008933178069725156,0.0018736833917701427,2.5
82.0,0.03922553579519772,0.00921016624172799,0.0018736833917701427,2.5
83.0,0.03977770015430318,0.009492188358811493,0.0018736833917701427,2.5
84.0,0.04037833699889665,0.00977927114153676,0.0018736833917701427,2.5
85.0,0.04097493059034497,0.010071441010678917,0.0018736833917701427,2.5
86.0,0.041588800270303636,0.010368724089351522,0.0018736833917701427,2.5
87.0,0.042151258425528436,0.010671146205036508,0.0018736833917701427,2.5
88.0,0.042719257843408125,0.010978732891525178,0.0018736833917701427,2.5
89.0,0.043299602282806465,0.011291509390772725,0.0018736833917701427,2.5
90.0,0.04382310838206448,0.01160950065467048,0.0018736833917701427,2.5
91.0,0.04446499617902261,0.011932731346740444,0.0018736833917701427,2.5
92.0,0.04506422051279655,0.012261225843752999,0.0018736833917701427,2.5
93.0,0.04567553122381049,0.012595008237273109,0.0018736833917701427,2.5
94.0,0.04630059511268637,0.01293410233513781,0.0018736833917701427,2.5
95.0,0.04687349300285136,0.01327853166286641,0.0018736833917701427,2.5
96.0,0.04749092582881923,0.013628319465007421,0.0018736833917701427,2.5
97.0,0.04807811141751765,0.01398348870642463,0.0018736833917701427,2.5
98.0,0.048714046006753484,0.0143440620735249,0.0018736833917701427,2.5
99.0,0.04931100025334464,0.01471006197542879,0.0018736833917701427,2.5
100.0,0.04990355218248311,0.015081510545088772,0.0018736833917701427,2.5
101.0,0.05057238336524859,0.01545842964035471,0.0018736833917701427,2.5
102.0,0.05115995375030636,0.015840840844990045,0.0018736833917701427,2.5
103.0,0.051696979646077175,0.01622876546964025,0.0018736833917701427,2.5
104.0,0.052354560875662,0.016622224552756526,0.0018736833917701427,2.5
105.0,0.052976060886976685,0.017021238861473775,0.0018736833917701427,2.5
106.0,0.053645687510632,0.01742582889244837,0.0018736833917701427,2.5
107.0,0.05424331478507598,0.017836014872654404,0.0018736833917701427,2.5
108.0,0.05492464526555155,0.018251816760141426,0.0018736833917701427,2.5
109.0,0.05550287763300211,0.018673254244754856,0.0018736833917701427,2.5
110.0,0.05616016053567566,0.019100346748820773,0.0018736833917701427,2.5
111.0,0.05677371028355357,0.019533113427796067,0.0018736833917701427,2.5
112.0,0.05741323012792614,0.019971573170886048,0.0018736833917701427,2.5
113.0,0.05808368486846119,0.020415744601630315,0.0018736833917701427,2.5
114.0,0.05874243321612904,0.020865646078457534,0.0018736833917701427,2.5
115.0,0.05936832661996189,0.02132129569521246,0.0018736833917701427,2.5
116.0,0.06001512508173887,0.021782711281653655,0.0018736833917701427,2.5
117.0,0.06064212270643824,0.0222499104039251,0.0018736833917701427,2.5
118.0,0.06130874590265857,0.02272291036500207,0.0018736833917701427,2.5
119.0,0.0619742979441634,0.023201728205111904,0.0018736833917701427,2.5
120.0,0.06261894873179458,0.023686380702131915,0.0018736833917701427,2.5
121.0,0.06328045090135026,0.024176884371963525,0.0018736833917701427,2.5
122.0,0.06393496951281383,0.02467325546888577,0.0018736833917701427,2.5
123.0,0.0645694084845989,0.02517550998588769,0.0018736833917701427,2.5
124.0,0.0652503911364769,0.025683663654980093,0.0018736833917701427,2.5
125.0,0.06598374213435292,0.026197731947489422,0.0018736833917701427,2.5
126.0,0.06660907889213,0.026717730074332646,0.0018736833917701427,2.5
127.0,0.06732901093387408,0.027243672986274725,0.0018736833917701427,2.5
128.0,0.0680196250184213,0.027775575374170303,0.0018736833917701427,2.5
129.0,0.06864494457892008,0.028313451669188083,0.0018736833917701427,2.5
130.0,0.0693133389438497,0.02885731604302144,0.0018736833917701427,2.5
131.0,0.06999725863075325,0.02940718240808371,0.0018736833917701427,2.5
132.0,0.07071124939720128,0.02996306441768981,0.0018736833917701427,2.5
133.0,0.0713754616580911,0.030524975466225457,0.0018736833917701427,2.5
134.0,0.07207506907151562,0.0310929286893028,0.0018736833917701427,2.5
135.0,0.07284228942505207,0.0316669369639051,0.0018736833917701427,2.5
136.0,0.07348813884324018,0.032247012908519945,0.0018736833917701427,2.5
137.0,0.07416097324119306,0.03283316888326149,0.0018736833917701427,2.5
138.0,0.07487251852679871,0.033425416989983026,0.0018736833917701427,2.5
139.0,0.07557274416670194,0.034023769072379806,0.0018736833917701427,2.5
140.0,0.07627787018092562,0.03462823671608295,0.0018736833917701427,2.5
141.0,0.07702789485861357,0.03523883124874494,0.0018736833917701427,2.5
142.0,0.0777046365571564,0.03585556374011689,0.0018736833917701427,2.5
143.0,0.07845556592083491,0.03647844500211883,0.0018736833917701427,2.5
144.0,0.07917590616860277,0.03710748558890253,0.0018736833917701427,2.5
145.0,0.07989829183580165,0.03774269579690781,0.0018736833917701427,2.5
146.0,0.08061351365797871,0.03838408566491347,0.0018736833917701427,2.5
147.0,0.08131594502474417,0.039031664974081726,0.0018736833917701427,2.5
148.0,0.08204581576958245,0.03968544324799772,0.0018736833917701427,2.5
149.0,0.08282097088462015,0.04034542975270472,0.0018736833917701427,2.5
150.0,0.08352532306312349,0.04101163349673442,0.0018736833917701427,2.5
151.0,0.08416380073849701,0.04168406323113316,0.0018736833917701427,2.5
152.0,0.08494518529529747,0.04236272744948566,0.0018736833917701427,2.5
153.0,0.08571775689375617,0.0430476343879338,0.0018736833917701427,2.5
154.0,0.0864930196282235,0.04373879202519393,0.0018736833917701427,2.5
155.0,0.08720183159165443,0.04443620808257154,0.0018736833917701427,2.5
156.0,0.08797283555543084,0.04513989002397334,0.0018736833917701427,2.5
157.0,0.08872545691763403,0.04584984505591749,0.0018736833917701427,2.5
158.0,0.08944831516743385,0.04656608012754326,0.0018736833917701427,2.5
159.0,0.09019834423443389,0.04728860193061868,0.0018736833917701427,2.5
160.0,0.09095910468177695,0.048017416899547416,0.0018736833917701427,2.5
161.0,0.09175591055011162,0.04875253121137613,0.0018736833917701427,2.5
162.0,0.0925648151833004,0.049493950785800434,0.0018736833917701427,2.5
163.0,0.09327506180151424,0.05024168128517159,0.0018736833917701427,2.5
164.0,0.09401731073156253,0.05099572811450337,0.0018736833917701427,2.5
165.0,0.09473842918810614,0.05175609642148027,0.0018736833917701427,2.5
166.0,0.09548237915541063,0.052522791096465404,0.0018736833917701427,2.5
167.0,0.09628129657547832,0.05329581677251083,0.0018736833917701427,2.5
168.0,0.09709746496743725,0.05407517782536875,0.0018736833917701427,2.5
169.0,0.09795544630859701,0.05486087837350484,0.0018736833917701427,2.5
170.0,0.09863662114267265,0.05565292227811269,0.0018736833917701427,2.5
171.0,0.09938379780708682,0.05645131314313201,0.0018736833917701427,2.5
172.0,0.10025670696640414,0.057256054315267924,0.0018736833917701427,2.5
173.0,0.10106937850722304,0.05806714888401354,0.0018736833917701427,2.5
174.0,0.1018616783681548,0.0588845996816757,0.0018736833917701427,2.5
175.0,0.10257580114374433,0.059708409283403596,0.0018736833917701427,2.5
176.0,0.10339149074303852,0.06053858000722079,0.0018736833917701427,2.5
177.0,0.10418537033829063,0.06137511391406114,0.0018736833917701427,2.5
178.0,0.10491346812618138,0.062218012807808254,0.0018736833917701427,2.5
179.0,0.10569309520242355,0.06306727823533864,0.0018736833917701427,2.5
180.0,0.10655991144384062,0.0639229114865707,0.0018736833917701427,2.5
181.0,0.10736970912321459,0.06478491359451588,0.0018736833917701427,2.5
182.0,0.10817253820067094,0.06565328533533588,0.0018736833917701427,2.5
183.0,0.10904793577480543,0.066528027228405,0.0018736833917701427,2.5
184.0,0.10978701984827431,0.06740913953637595,0.0018736833917701427,2.5
185.0,0.11060196391478275,0.0682966222652528,0.0018736833917701427,2.5
186.0,0.11141916506310483,0.0691904751644673,0.0018736833917701427,2.5
187.0,0.11225829488946233,0.07009069772696275,0.0018736833917701427,2.5
188.0,0.11317296932865784,0.07099728918928172,0.0018736833917701427,2.5
189.0,0.11392541056649846,0.07191024853166117,0.0018736833917701427,2.5
190.0,0.11471532970171423,0.07282957447813265,0.0018736833917701427,2.5
191.0,0.11556713683677187,0.07375526549662925,0.0018736833917701427,2.5
192.0,0.11636182113923932,0.07468731979909826,0.0018736833917701427,2.5
193.0,0.11722954410570309,0.07562573534162165,0.0018736833917701427,2.5
194.0,0.11810282753632027,0.07657050982454139,0.0018736833917701427,2.5
195.0,0.11892014924441426,0.07752164069259349,0.0018736833917701427,2.5
196.0,0.11973467388776798,0.0784791251350474,0.0018736833917701427,2.5
197.0,0.12058092642966743,0.0794429600858535,0.0018736833917701427,2.5
198.0,0.12143000471314597,0.08041314222379792,0.0018736833917701427,2.5
199.0,0.12228339232568793,0.08138966797266345,0.0018736833917701427,2.5
200.0,0.12317720403941583,0.08237253350139984,0.0018736833917701427,2.5
201.0,0.12403444595566858,0.08336173472430031,0.0018736833917701427,2.5
202.0,0.12485603202676215,0.08435726730118631,0.0018736833917701427,2.5
203.0,0.12577704323452912,0.08535912663760026,0.0018736833917701427,2.5
204.0,0.12657828152774614,0.08636730788500624,0.0018736833917701427,2.5
205.0,0.1274438909359342,0.08738180594099876,0.0018736833917701427,2.5
206.0,0.1282475179903273,0.0884026154495201,0.0018736833917701427,2.5
207.0,0.1291870116158757,0.08942973080108518,0.0018736833917701427,2.5
208.0,0.13010213002586005,0.09046314613301576,0.0018736833917701427,2.5
209.0,0.13097546198972793,0.09150285532968305,0.0018736833917701427,2.5
210.0,0.13181276670760772,0.09254885202275887,0.0018736833917701427,2.5
211.0,0.132745865853259,0.09360112959147537,0.0018736833917701427,2.5
212.0,0.13350154082968768,0.09465968116289414,0.0018736833917701427,2.5
213.0,0.1344836813179955,0.09572449961218388,0.0018736833917701427,2.5
214.0,0.1353300881685997,0.09679557756290769,0.0018736833917701427,2.5
215.0,0.13626464957292989,0.09787290738731913,0.0018736833917701427,2.5
216.0,0.13717797763128556,0.098956481206667,0.0018736833917701427,2.5
217.0,0.1380178857639591,0.10004629089151129,0.0018736833917701427,2.5
218.0,0.13889431180268486,0.1011423280620466,0.0018736833917701427,2.5
219.0,0.13979011480099474,0.10224458408843595,0.0018736833917701427,2.5
220.0,0.14072715717456827,0.10335305009115492,0.0018736833917701427,2.5
221.0,0.14170904869366302,0.10446771694134382,0.0018736833917701427,2.5
222.0,0.14251074406057826,0.10558857526117127,0.0018736833917701427,2.5
223.0,0.14349607536975598,0.10671561542420693,0.0018736833917701427,2.5
224.0,0.14430991762139112,0.10784882755580372,0.0018736833917701427,2.5
225.0,0.14522653183926196,0.10898820153349131,0.0018736833917701427,2.5
226.0,0.14613089406580648,0.11013372698737822,0.0018736833917701427,2.5
227.0,0.14702933065136645,0.1112853933005652,0.0018736833917701427,2.5
228.0,0.14796087094095964,0.11244318960956845,0.0018736833917701427,2.5
229.0,0.1489363434650365,0.11360710480475267,0.0018736833917701427,2.5
230.0,0.1497853496337432,0.11477712753077529,0.0018736833917701427,2.5
231.0,0.15073546337870164,0.11595324618704039,0.0018736833917701427,2.5
232.0,0.15157892700047318,0.11713544892816374,0.0018736833917701427,2.5
233.0,0.15253260673636537,0.11832372366444743,0.0018736833917701427,2.5
234.0,0.15347974322719424,0.11951805806236637,0.0018736833917701427,2.5
235.0,0.154437462837158,0.120718439545064,0.0018736833917701427,2.5
236.0,0.1553623539692129,0.12192485529285957,0.0018736833917701427,2.5
237.0,0.15625954577837942,0.12313729224376646,0.0018736833917701427,2.5
238.0,0.15723100962501382,0.12435573709402004,0.0018736833917701427,2.5
239.0,0.1581573765413316,0.12558017629861762,0.0018736833917701427,2.5
240.0,0.1590776631224437,0.1268105960718685,0.0018736833917701427,2.5
241.0,0.16002331748889234,0.1280469823879551,0.0018736833917701427,2.5
242.0,0.1609760246670238,0.12928932098150547,0.0018736833917701427,2.5
243.0,0.16195483378357947,0.13053759734817583,0.0018736833917701427,2.5
244.0,0.16295921197607244,0.13179179674524566,0.0018736833917701427,2.5
245.0,0.16383301457173605,0.13305190419222168,0.0018736833917701427,2.5
246.0,0.16478479105313867,0.13431790447145553,0.0018736833917701427,2.5
247.0,0.16573484204719097,0.13558978212877026,0.0018736833917701427,2.5
248.0,0.16671339625851161,0.13686752147409942,0.0018736833917701427,2.5
249.0,0.16770723177856767,0.13815110658213658,0.0018736833917701427,2.5
250.0,0.1686775730992785,0.13944052129299644,0.0018736833917701427,2.5
251.0,0.1696502352281118,0.14073574921288745,0.0018736833917701427,2.5
252.0,0.17062294385113974,0.14203677371479484,0.0018736833917701427,2.5
253.0,0.17157308848384986,0.14334357793917551,0.0018736833917701427,2.5
254.0,0.17259463974607303,0.14465614479466427,0.0018736833917701427,2.5
255.0,0.17353797135359386,0.14597445695879152,0.0018736833917701427,2.5
256.0,0.17452333728956682,0.14729849687871144,0.0018736833917701427,2.5
257.0,0.17551188742760573,0.14862824677194242,0.0018736833917701427,2.5
258.0,0.17657879244367264,0.14996368862711873,0.0018736833917701427,2.5
259.0,0.17752284002927787,0.15130480420475334,0.0018736833917701427,2.5
260.0,0.17855286916650687,0.15265157503801152,0.0018736833917701427,2.5
261.0,0.17951759899556952,0.15400398243349767,0.0018736833917701427,2.5
262.0,0.1804835412501699,0.15536200747205142,0.0018736833917701427,2.5
263.0,0.1815912354606477,0.1567256310095565,0.0018736833917701427,2.5
264.0,0.18249963812560394,0.15809483367776078,0.0018736833917701427,2.5
265.0,0.183505645533202,0.15946959588510712,0.0018736833917701427,2.5
266.0,0.1845349445815212,0.16084989781757675,0.0018736833917701427,2.5
267.0,0.1854844272409423,0.16223571943954262,0.0018736833917701427,2.5
268.0,0.18658578139899298,0.16362704049463606,0.0018736833917701427,2.5
269.0,0.18755652946262352,0.16502384050662233,0.0018736833917701427,2.5
270.0,0.18865005829006468,0.16642609878029058,0.0018736833917701427,2.5
271.0,0.18958938941352568,0.16783379440235247,0.0018736833917701427,2.5
272.0,0.19066752365546616,0.16924690624235372,0.0018736833917701427,2.5
273.0,0.19164633537309564,0.17066541295359705,0.0018736833917701427,2.5
274.0,0.1926778822369029,0.17208929297407527,0.0018736833917701427,2.5
275.0,0.19371058397748947,0.17351852452741767,0.0018736833917701427,2.5
276.0,0.19474645577680308,0.17495308562384593,0.0018736833917701427,2.5
277.0,0.19580303537512447,0.17639295406114186,0.0018736833917701427,2.5
278.0,0.19690340860320793,0.17783810742562778,0.0018736833917701427,2.5
279.0,0.19789561333125794,0.1792885230931558,0.0018736833917701427,2.5
280.0,0.19900050486843016,0.18074417823011069,0.0018736833917701427,2.5
281.0,0.20001927980947679,0.18220504979442254,0.0018736833917701427,2.5
282.0,0.2010498281860686,0.18367111453659068,0.0018736833917701427,2.5
283.0,0.2020965181765643,0.18514234900072046,0.0018736833917701427,2.5
284.0,0.20314417349058414,0.18661872952556846,0.0018736833917701427,2.5
285.0,0.2042170510923733,0.18810023224560157,0.0018736833917701427,2.5
286.0,0.20532252665190326,0.18958683309206525,0.0018736833917701427,2.5
287.0,0.20630950288016933,0.19107850779406377,0.0018736833917701427,2.5
288.0,0.20734106593566112,0.19257523187965186,0.0018736833917701427,2.5
289.0,0.20849404978351296,0.19407698067693613,0.0018736833917701427,2.5
290.0,0.2095621700212719,0.19558372931518864,0.0018736833917701427,2.5
291.0,0.2107153624752446,0.19709545272597107,0.0018736833917701427,2.5
292.0,0.21172105316959083,0.19861212564426933,0.0018736833917701427,2.5
293.0,0.21283207714472874,0.20013372260964046,0.0018736833917701427,2.5
294.0,0.21391781705659388,0.20166021796736833,0.0018736833917701427,2.5
295.0,0.21497667178167867,0.2031915858696317,0.0018736833917701427,2.5
296.0,0.21616282533581196,0.2047278002766827,0.0018736833917701427,2.5
297.0,0.217160622291307,0.20626883495803539,0.0018736833917701427,2.5
298.0,0.21831495011400529,0.2078146634936664,0.0018736833917701427,2.5
299.0,0.21940683811904932,0.2093652592752242,0.0018736833917701427,2.5
300.0,0.22043401444727467,0.21092059550725073,0.0018736833917701427,2.5
301.0,0.22163063821768203,0.2124806452084127,0.0018736833917701427,2.5
302.0,0.22276995147176593,0.2140453812127432,0.0018736833917701427,2.5
303.0,0.22378161865344526,0.21561477617089486,0.0018736833917701427,2.5
304.0,0.22485770240386074,0.21718880255140172,0.0018736833917701427,2.5
305.0,0.226105164162223,0.21876743264195286,0.0018736833917701427,2.5
306.0,0.227198365823347,0.22035063855067538,0.0018736833917701427,2.5
307.0,0.22829568200936112,0.22193839220742806,0.0018736833917701427,2.5
308.0,0.22936834190127095,0.22353066536510524,0.0018736833917701427,2.5
309.0,0.23049437163388573,0.2251274296009501,0.0018736833917701427,2.5
310.0,0.23166489240918262,0.2267286563178792,0.0018736833917701427,2.5
311.0,0.23285975679699644,0.2283343167458156,0.0018736833917701427,2.5
312.0,0.23393477508254548,0.22994438194303246,0.0018736833917701427,2.5
313.0,0.2351727077256579,0.2315588227975074,0.0018736833917701427,2.5
314.0,0.23616983457950821,0.23317761002828497,0.0018736833917701427,2.5
315.0,0.23731403947805857,0.23480071418684956,0.0018736833917701427,2.5
316.0,0.23850689648714626,0.23642810565850925,0.0018736833917701427,2.5
317.0,0.23965151593183776,0.23805975466378637,0.0018736833917701427,2.5
318.0,0.24076168025207575,0.23969563125982063,0.0018736833917701427,2.5
319.0,0.2419651047738553,0.2413357053417794,0.0018736833917701427,2.5
320.0,0.24305399653693072,0.24297994664427836,0.0018736833917701427,2.5
321.0,0.24425682638820648,0.24462832474281193,0.0018736833917701427,2.5
322.0,0.24540207659330113,0.24628080905519123,0.0018736833917701427,2.5
323.0,0.24662370505539546,0.2479373688429931,0.0018736833917701427,2.5
324.0,0.2477760030651058,0.24959797321301713,0.0018736833917701427,2.5
325.0,0.24892215564773792,0.25126259111875127,0.0018736833917701427,2.5
326.0,0.25015578904094793,0.2529311913618477,0.0018736833917701427,2.5
327.0,0.2512870931010162,0.2546037425936063,0.0018736833917701427,2.5
328.0,0.25238991117593024,0.25628021331646733,0.0018736833917701427,2.5
329.0,0.25367901799578974,0.2579605718855128,0.0018736833917701427,2.5
330.0,0.25487099519165535,0.25964478650997636,0.0018736833917701427,2.5
331.0,0.25605334467531626,0.26133282525476154,0.0018736833917701427,2.5
332.0,0.2573036189260378,0.2630246560419688,0.0018736833917701427,2.5
333.0,0.2585081563822812,0.26472024665243044,0.0018736833917701427,2.5
334.0,0.25966841283255415,0.2664195647272537,0.0018736833917701427,2.5
335.0,0.2608691169562445,0.2681225777693724,0.0018736833917701427,2.5
336.0,0.2620951122961606,0.269829253145107,0.0018736833917701427,2.5
337.0,0.2633136145926488,0.2715395580857307,0.0018736833917701427,2.5
338.0,0.2645864996855305,0.2732534596890466,0.0018736833917701427,2.5
339.0,0.2657612052309678,0.2749709249209691,0.0018736833917701427,2.5
340.0,0.2669836075125257,0.27669192061711567,0.0018736833917701427,2.5
341.0,0.2682306136765505,0.27841641348440516,0.0018736833917701427,2.5
342.0,0.2694691009986566,0.28014437010266335,0.0018736833917701427,2.5
343.0,0.2707314076543363,0.28187575692623656,0.0018736833917701427,2.5
344.0,0.272047469239701,0.28361054028561183,0.0018736833917701427,2.5
345.0,0.2731899501140052,0.2853486863890451,0.0018736833917701427,2.5
346.0,0.27443500384698843,0.28709016132419585,0.0018736833917701427,2.5
347.0,0.27571181864220845,0.2888349310597691,0.0018736833917701427,2.5
348.0,0.2769414502833351,0.2905829614471641,0.0018736833917701427,2.5
349.0,0.2782391874661537,0.2923342182221298,0.0018736833917701427,2.5
350.0,0.2794626233494239,0.2940886670064272,0.0018736833917701427,2.5
351.0,0.2807292915182105,0.29584627330949864,0.0018736833917701427,2.5
352.0,0.2820700897058343,0.29760700253014216,0.0018736833917701427,2.5
353.0,0.2833296697208478,0.2993708199581945,0.0018736833917701427,2.5
354.0,0.28455379521381624,0.3011376907762179,0.0018736833917701427,2.5
355.0,0.2858367287100808,0.30290758006119467,0.0018736833917701427,2.5
356.0,0.28712507276504057,0.30468045278622813,0.0018736833917701427,2.5
357.0,0.2884524592632825,0.3064562738222477,0.0018736833917701427,2.5
358.0,0.2897761758089212,0.3082350079397219,0.0018736833917701427,2.5
359.0,0.29102007856673573,0.3100166198103752,0.0018736833917701427,2.5
360.0,0.2923743164377984,0.3118010740089121,0.0018736833917701427,2.5
361.0,0.2935909520573976,0.3135883350147457,0.0018736833917701427,2.5
362.0,0.2948466354849939,0.315378367213732,0.0018736833917701427,2.5
363.0,0.2962698884607524,0.3171711348999099,0.0018736833917701427,2.5
364.0,0.29760360499728733,0.31896660227724527,0.0018736833917701427,2.5
365.0,0.29894846063248776,0.3207647334613811,0.0018736833917701427,2.5
366.0,0.30031180063627483,0.32256549248139255,0.0018736833917701427,2.5
367.0,0.3016073563309879,0.3243688432815457,0.0018736833917701427,2.5
368.0,0.30294128778124774,0.32617474972306304,0.0018736833917701427,2.5
369.0,0.30433202765929906,0.3279831755858913,0.0018736833917701427,2.5
370.0,0.3056426899030998,0.3297940845704749,0.0018736833917701427,2.5
371.0,0.3069700715243283,0.3316074402995347,0.0018736833917701427,2.5
372.0,0.3083445309561601,0.3334232063198487,0.0018736833917701427,2.5
373.0,0.3096862402674322,0.33524134610403855,0.0018736833917701427,2.5
374.0,0.3110280747553822,0.3370618230523602,0.0018736833917701427,2.5
375.0,0.3123235008841051,0.33888460049449676,0.0018736833917701427,2.5
376.0,0.3138496198270494,0.3407096416913574,0.0018736833917701427,2.5
377.0,0.3151864053055664,0.3425369098368779,0.0018736833917701427,2.5
378.0,0.31660592297674184,0.34436636805982523,0.0018736833917701427,2.5
379.0,0.3179459677633314,0.34619797942560715,0.0018736833917701427,2.5
380.0,0.31933546595376444,0.3480317069380823,0.0018736833917701427,2.5
381.0,0.3207153954438551,0.3498675135413757,0.0018736833917701427,2.5
382.0,0.3221160337083561,0.351705362121696,0.0018736833917701427,2.5
383.0,0.3235211827225752,0.3535452155091564,0.0018736833917701427,2.5
384.0,0.3249952205268423,0.3553870364795979,0.0018736833917701427,2.5
385.0,0.32634656047652716,0.3572307877564149,0.0018736833917701427,2.5
386.0,0.32776849422015397,0.3590764320123847,0.0018736833917701427,2.5
387.0,0.3294317534801068,0.3609239318714971,0.0018736833917701427,2.5
388.0,0.3306895165475116,0.36277324991078863,0.0018736833917701427,2.5
389.0,0.3320569155270063,0.3646243486621774,0.0018736833917701427,2.5
390.0,0.33350326311214334,0.3664771906143005,0.0018736833917701427,2.5
391.0,0.3350154203849018,0.3683317382143534,0.0018736833917701427,2.5
392.0,0.336385420031806,0.3701879538699304,0.0018736833917701427,2.5
393.0,0.3378447759122878,0.37204579995086784,0.0018736833917701427,2.5
394.0,0.33929864840400725,0.37390523879108784,0.0018736833917701427,2.5
395.0,0.3407651141572287,0.37576623269044385,0.0018736833917701427,2.5
396.0,0.3421905115557907,0.3776287439165674,0.0018736833917701427,2.5
397.0,0.3437164256641712,0.37949273470671585,0.0018736833917701427,2.5
398.0,0.34520034673614663,0.3813581672696208,0.0018736833917701427,2.5
399.0,0.34668944768408183,0.3832250037873388,0.0018736833917701427,2.5
400.0,0.34826704106523343,0.38509320641710054,0.0018736833917701427,2.5
401.0,0.34972989701568413,0.38696273729316266,0.0018736833917701427,2.5
402.0,0.3511902858476096,0.38883355852865853,0.0018736833917701427,2.5
403.0,0.3527001609219353,0.39070563221745025,0.0018736833917701427,2.5
404.0,0.35416511285018926,0.39257892043598086,0.0018736833917701427,2.5
405.0,0.35573402173353286,0.39445338524512574,0.0018736833917701427,2.5
406.0,0.35733437564864307,0.39632898869204547,0.0018736833917701427,2.5
407.0,0.3588234101066287,0.39820569281203644,0.0018736833917701427,2.5
408.0,0.3603695296816341,0.40008345963038294,0.0018736833917701427,2.5
409.0,0.36181379348150117,0.40196225116420825,0.0018736833917701427,2.5
410.0,0.36318815959980943,0.40384202942432446,0.0018736833917701427,2.5
411.0,0.36494023463896846,0.40572275641708266,0.0018736833917701427,2.5
412.0,0.36656490826923,0.4076043941462214,0.0018736833917701427,2.5
413.0,0.36808799777400114,0.40948690461471415,0.0018736833917701427,2.5
414.0,0.36961853366543873,0.41137024982661696,0.0018736833917701427,2.5
415.0,0.37122594104250023,0.41325439178891277,0.0018736833917701427,2.5
416.0,0.3727756400202261,0.41513929251335635,0.0018736833917701427,2.5
417.0,0.37424648435610164,0.4170249140183162,0.0018736833917701427,2.5
418.0,0.3759364465651,0.4189112183306156,0.0018736833917701427,2.5
419.0,0.377561881009456,0.4207981674873723,0.0018736833917701427,2.5
420.0,0.379166120441163,0.4226857235378342,0.0018736833917701427,2.5
421.0,0.38084947819857956,0.4245738485452163,0.0018736833917701427,2.5
422.0,0.38239232724838124,0.4264625045885324,0.0018736833917701427,2.5
423.0,0.3840159489068466,0.4283516537644263,0.0018736833917701427,2.5
424.0,0.3856461145419273,0.43024125818899994,0.0018736833917701427,2.5
425.0,0.38730746038694613,0.43213127999963885,0.0018736833917701427,2.5
426.0,0.38899740829003837,0.4340216813568355,0.0018736833917701427,2.5
427.0,0.3905980291403502,0.43591242444600886,0.0018736833917701427,2.5
428.0,0.392223721091015,0.43780347147932197,0.0018736833917701427,2.5
429.0,0.39388288057091475,0.43969478469749623,0.0018736833917701427,2.5
430.0,0.3955484425940403,0.44158632637162165,0.0018736833917701427,2.5
431.0,0.3971918520842142,0.4434780588049644,0.0018736833917701427,2.5
432.0,0.3989041175258792,0.4453699443347715,0.0018736833917701427,2.5
433.0,0.4005900898501936,0.4472619453340704,0.0018736833917701427,2.5
434.0,0.40230109133254555,0.4491540242134663,0.0018736833917701427,2.5
435.0,0.40398678778046704,0.45104614342293403,0.0018736833917701427,2.5
436.0,0.40569665698286855,0.45293826545360794,0.0018736833917701427,2.5
437.0,0.4073473865450612,0.45483035283956597,0.0018736833917701427,2.5
438.0,0.40914563893557787,0.45672236815960965,0.0018736833917701427,2.5
439.0,0.4109025576619048,0.4586142740390411,0.0018736833917701427,2.5
440.0,0.4126431891141936,0.46050603315143346,0.0018736833917701427,2.5
441.0,0.4143902598498761,0.46239760822039844,0.0018736833917701427,2.5
442.0,0.41609955876684107,0.4642889620213485,0.0018736833917701427,2.5
443.0,0.4178649093616806,0.4661800573832532,0.0018736833917701427,2.5
444.0,0.4195896558935389,0.46807085719039243,0.0018736833917701427,2.5
445.0,0.4214717896636445,0.46996132438410276,0.0018736833917701427,2.5
446.0,0.42327446192886253,0.471851421964519,0.0018736833917701427,2.5
447.0,0.4249828904614979,0.4737411129923117,0.0018736833917701427,2.5
448.0,0.4267745520560706,0.4756303605904163,0.0018736833917701427,2.5
449.0,0.4285779301876985,0.47751912794576035,0.0018736833917701427,2.5
450.0,0.4303887535680229,0.4794073783109808,0.0018736833917701427,2.5
451.0,0.43226058741090656,0.4812950750061392,0.0018736833917701427,2.5
452.0,0.43403694558761624,0.48318218142042846,0.0018736833917701427,2.5
453.0,0.43586963587047267,0.48506866101387447,0.0018736833917701427,2.5
454.0,0.437711999872027,0.4869544773190311,0.0018736833917701427,2.5
455.0,0.4395689152559741,0.48883959394266907,0.0018736833917701427,2.5
456.0,0.44142178304391183,0.4907239745674581,0.0018736833917701427,2.5
457.0,0.44329336523290275,0.49260758295364304,0.0018736833917701427,2.5
458.0,0.4451570681190023,0.4944903829407119,0.0018736833917701427,2.5
459.0,0.4470463753255894,0.4963723384490588,0.0018736833917701427,2.5
460.0,0.44892186302693216,0.49825341348163865,0.0018736833917701427,2.5
461.0,0.4509697321817341,0.5001335721256148,0.0018736833917701427,2.5
462.0,0.452717266071125,0.5020127785540008,0.0018736833917701427,2.5
463.0,0.4546247089398389,0.5038909970272929,0.0018736833917701427,2.5
464.0,0.4565401920528874,0.5057681918950969,0.0018736833917701427,2.5
465.0,0.4585405722648542,0.5076443275977458,0.0018736833917701427,2.5
466.0,0.4604734507093912,0.5095193686679113,0.0018736833917701427,2.5
467.0,0.4623336597030721,0.5113932797322067,0.0018736833917701427,2.5
468.0,0.4643133779599573,0.513266025512782,0.0018736833917701427,2.5
469.0,0.466237523136552,0.515137570828911,0.0018736833917701427,2.5
470.0,0.4682253487779897,0.5170078805985703,0.0018736833917701427,2.5
471.0,0.4701780285473057,0.5188769198400103,0.0018736833917701427,2.5
472.0,0.4721639035459402,0.5207446536733178,0.0018736833917701427,2.5
473.0,0.474247749941086,0.5226110473219695,0.0018736833917701427,2.5
474.0,0.4761888042109307,0.5244760661143784,0.0018736833917701427,2.5
475.0,0.4781700733580853,0.5263396754854295,0.0018736833917701427,2.5
476.0,0.48027966063009475,0.5282018409780087,0.0018736833917701427,2.5
477.0,0.48221790330169934,0.5300625282445223,0.0018736833917701427,2.5
478.0,0.48416827510569493,0.531921703048406,0.0018736833917701427,2.5
479.0,0.48643853168342055,0.5337793312656274,0.0018736833917701427,2.5
480.0,0.48836515291973176,0.535635378886177,0.0018736833917701427,2.5
481.0,0.4904362191011941,0.5374898120155513,0.0018736833917701427,2.5
482.0,0.49251971678987994,0.5393425968762269,0.0018736833917701427,2.5
483.0,0.49471077749738257,0.5411936998091222,0.0018736833917701427,2.5
484.0,0.4967214960024104,0.5430430872750546,0.0018736833917701427,2.5
485.0,0.4988385855841734,0.544890725856182,0.0018736833917701427,2.5
486.0,0.5009664241035275,0.54673658225744,0.0018736833917701427,2.5
487.0,0.5031867585964195,0.5485806233079658,0.0018736833917701427,2.5
488.0,0.5052527843845058,0.550422815962513,0.0018736833917701427,2.5
489.0,0.5074151238722397,0.5522631273028568,0.0018736833917701427,2.5
490.0,0.5095894227722976,0.5541015245391889,0.0018736833917701427,2.5
491.0,0.5116948411732303,0.5559379750115014,0.0018736833917701427,2.5
492.0,0.5140447322272533,0.5577724461909617,0.0018736833917701427,2.5
493.0,0.5161741756091592,0.5596049056812753,0.0018736833917701427,2.5
494.0,0.5184711739894705,0.5614353212200396,0.0018736833917701427,2.5
495.0,0.5206318273310961,0.5632636606800865,0.0018736833917701427,2.5
496.0,0.5228791975479163,0.5650898920708134,0.0018736833917701427,2.5
497.0,0.5252018039877591,0.5669139835395058,0.0018736833917701427,2.5
498.0,0.527404446626746,0.5687359033726457,0.0018736833917701427,2.5
499.0,0.5296804132117909,0.570555619997212,0.0018736833917701427,2.5
500.0,0.5319673111347293,0.5723731019819687,0.0018736833917701427,2.5
501.0,0.5342708318702296,0.574188318038741,0.0018736833917701427,2.5
502.0,0.5365913060798021,0.5760012370236824,0.0018736833917701427,2.5
503.0,0.5391273425758591,0.5778118279385285,0.0018736833917701427,2.5
504.0,0.5412586381661807,0.5796200599318397,0.0018736833917701427,2.5
505.0,0.5436071912928533,0.5814259023002344,0.0018736833917701427,2.5
506.0,0.5459689162573877,0.5832293244896081,0.0018736833917701427,2.5
507.0,0.5483405674073487,0.5850302960963423,0.0018736833917701427,2.5
508.0,0.550722189123558,0.5868287868685015,0.0018736833917701427,2.5
509.0,0.5531744034957394,0.5886247667070181,0.0018736833917701427,2.5
510.0,0.5555135758496539,0.590418205666867,0.0018736833917701427,2.5
511.0,0.5579242982172764,0.5922090739582249,0.0018736833917701427,2.5
512.0,0.5603527543811191,0.5939973419476219,0.0018736833917701427,2.5
513.0,0.5627987307279944,0.5957829801590779,0.0018736833917701427,2.5
514.0,0.5652640785721984,0.5975659592752285,0.0018736833917701427,2.5
515.0,0.5677449743352052,0.5993462501384377,0.0018736833917701427,2.5
516.0,0.5702328998253646,0.601123823751899,0.0018736833917701427,2.5
517.0,0.5727307817384335,0.6028986512807251,0.0018736833917701427,2.5
518.0,0.5752464423162464,0.6046707040530226,0.0018736833917701427,2.5
519.0,0.5777801658886862,0.6064399535609568,0.0018736833917701427,2.5
520.0,0.5803286199924786,0.6082063714618036,0.0018736833917701427,2.5
521.0,0.5828908199586126,0.6099699295789869,0.0018736833917701427,2.5
522.0,0.5854672451975084,0.6117305999031069,0.0018736833917701427,2.5
523.0,0.5880598484653414,0.6134883545929515,0.0018736833917701427,2.5
524.0,0.5906721792524835,0.615243165976499,0.0018736833917701427,2.5
525.0,0.5933056187291371,0.6169950065519052,0.0018736833917701427,2.5
526.0,0.5959564447586552,0.6187438489884791,0.0018736833917701427,2.5
527.0,0.5986254683883706,0.6204896661276453,0.0018736833917701427,2.5
528.0,0.6013114698772252,0.6222324309838934,0.0018736833917701427,2.5
529.0,0.6041303413701326,0.6239721167457142,0.0018736833917701427,2.5
530.0,0.606785159560274,0.6257086967765237,0.0018736833917701427,2.5
531.0,0.6094847459700277,0.6274421446155736,0.0018736833917701427,2.5
532.0,0.6122656234149724,0.6291724339788478,0.0018736833917701427,2.5
533.0,0.6151214644578882,0.6308995387599471,0.0018736833917701427,2.5
534.0,0.6179107625542144,0.63262343303096,0.0018736833917701427,2.5
535.0,0.6207696785540959,0.6343440910433205,0.0018736833917701427,2.5
536.0,0.6236494330569448,0.636061487228652,0.0018736833917701427,2.5
537.0,0.62654948081266,0.6377755961995983,0.0018736833917701427,2.5
538.0,0.6294789252545037,0.6394863927506422,0.0018736833917701427,2.5
539.0,0.63244346761117,0.6411938518589089,0.0018736833917701427,2.5
540.0,0.6354364332020844,0.642897948684956,0.0018736833917701427,2.5
541.0,0.638446971160075,0.6445986585735524,0.0018736833917701427,2.5
542.0,0.6415756469650943,0.6462959570544418,0.0018736833917701427,2.5
543.0,0.6446208648778575,0.6479898198430913,0.0018736833917701427,2.5
544.0,0.6475779258959281,0.6496802228414301,0.0018736833917701427,2.5
545.0,0.6506577237846882,0.6513671421385714,0.0018736833917701427,2.5
546.0,0.6537722733203185,0.6530505540115221,0.0018736833917701427,2.5
547.0,0.6569269104432084,0.6547304349258781,0.0018736833917701427,2.5
548.0,0.6601249520101891,0.6564067615365071,0.0018736833917701427,2.5
549.0,0.6633655762444977,0.6580795106882167,0.0018736833917701427,2.5
550.0,0.6666670080576074,0.6597486594164077,0.0018736833917701427,2.5
551.0,0.6700121622960833,0.6614141849477173,0.0018736833917701427,2.5
552.0,0.6734055297138883,0.6630760647006444,0.0018736833917701427,2.5
553.0,0.6768548364756917,0.6647342762861628,0.0018736833917701427,2.5
554.0,0.6803428589208781,0.6663887975083216,0.0018736833917701427,2.5
555.0,0.6838738795549364,0.66803960636483,0.0018736833917701427,2.5
556.0,0.6874472668046288,0.6696866810476295,0.0018736833917701427,2.5
557.0,0.691059940835976,0.6713299999434513,0.0018736833917701427,2.5
558.0,0.6947287570950804,0.6729695416343605,0.0018736833917701427,2.5
559.0,0.6984503499549765,0.6746052848982864,0.0018736833917701427,2.5
560.0,0.702215627199534,0.6762372087095383,0.0018736833917701427,2.5
561.0,0.7060263128529992,0.6778652922393076,0.0018736833917701427,2.5
562.0,0.7098825507872681,0.6794895148561575,0.0018736833917701427,2.5
563.0,0.7137891438851628,0.6811098561264951,0.0018736833917701427,2.5
564.0,0.7177633704298495,0.6827262958150341,0.0018736833917701427,2.5
565.0,0.7218259811380542,0.6843388138852402,0.0018736833917701427,2.5
566.0,0.7259719790218204,0.6859473904997642,0.0018736833917701427,2.5
567.0,0.7301662456828691,0.6875520060208601,0.0018736833917701427,2.5
568.0,0.7344159659373788,0.6891526410107904,0.0018736833917701427,2.5
569.0,0.7387583674919369,0.6907492762322172,0.0018736833917701427,2.5
570.0,0.7431859977823261,0.6923418926485778,0.0018736833917701427,2.5
571.0,0.7477304242533502,0.6939304714244494,0.0018736833917701427,2.5
572.0,0.7523663815369553,0.6955149939258966,0.0018736833917701427,2.5
573.0,0.7570879157751503,0.6970954417208071,0.0018736833917701427,2.5
574.0,0.7618837142475916,0.6986717965792135,0.0018736833917701427,2.5
575.0,0.7667888382915018,0.7002440404735999,0.0018736833917701427,2.5
576.0,0.7717504810686062,0.7018121555791946,0.0018736833917701427,2.5
577.0,0.7768138915094726,0.7033761242742518,0.0018736833917701427,2.5
578.0,0.782014174356743,0.7049359291403148,0.0018736833917701427,2.5
579.0,0.787625980409754,0.70649155296247,0.0018736833917701427,2.5
580.0,0.7929536422316603,0.708042978729583,0.0018736833917701427,2.5
581.0,0.7986624073757621,0.7095901896345236,0.0018736833917701427,2.5
582.0,0.8044994828414974,0.7111331690743766,0.0018736833917701427,2.5
583.0,0.810505453671495,0.7126719006506377,0.0018736833917701427,2.5
584.0,0.8167557189810252,0.7142063681693964,0.0018736833917701427,2.5
585.0,0.8231246712892963,0.7157365556415054,0.0018736833917701427,2.5
586.0,0.8296509989684148,0.7172624472827351,0.0018736833917701427,2.5
587.0,0.8363437376611569,0.7187840275139166,0.0018736833917701427,2.5
588.0,0.8433332348176632,0.7203012809610683,0.0018736833917701427,2.5
589.0,0.8506248229644141,0.7218141924555115,0.0018736833917701427,2.5
590.0,0.8584343411584048,0.7233227470339696,0.0018736833917701427,2.5
591.0,0.8667548142950349,0.7248269299386569,0.0018736833917701427,2.5
592.0,0.8755048128319309,0.726326726617351,0.0018736833917701427,2.5
593.0,0.8848725387664063,0.7278221227234529,0.0018736833917701427,2.5
594.0,0.8955469599819601,0.7293131041160346,0.0018736833917701427,2.5
595.0,0.9073706230755322,0.7307996568598708,0.0018736833917701427,2.5
596.0,0.9207732719375873,0.7322817672254593,0.0018736833917701427,2.5
597.0,0.9355768204720647,0.7337594216890276,0.0018736833917701427,2.5
598.0,0.9526225778800537,0.735232606932525,0.0018736833917701427,2.5
599.0,0.9722773916483707,0.736701309843603,0.0018736833917701427,2.5
600.0,1.000000000000001,0.7381655175155805,0.0018736833917701427,2.5
