dataset,track_id_input,frame_idx,t_ms,det_id,cx,cy,bbox_x,bbox_y,bbox_w,bbox_h,area_px,R_px,score,R_mono,track_id,r_px,time_ms,x_um,y_um,r_um
FAPI,0,2,4.0,1,4366.0,152.0,4316.0,116.0,100.0,72.0,5968.0,43.585242924008845,1.0,43.585242924008845,0,43.585242924008845,4.0,283.79,9.88,2.833040790060575
FAPI,1,3,6.0,2,4504.0,3389.0,4466.0,3356.0,76.0,66.0,3736.0,34.484862400517734,1.0,34.484862400517734,1,34.484862400517734,6.0,292.76,220.285,2.2415160560336527
FAPI,0,3,6.0,1,4365.0,150.0,4314.0,110.0,102.0,80.0,6736.0,46.304809613408565,1.0,46.304809613408565,0,46.304809613408565,6.0,283.725,9.75,3.009812624871557
FAPI,0,4,8.0,1,4363.0,148.0,4310.0,106.0,106.0,84.0,7344.0,48.34943437242838,1.0,48.34943437242838,0,48.34943437242838,8.0,283.595,9.620000000000001,3.1427132342078448
FAPI,1,4,8.0,2,4502.0,3386.0,4462.0,3352.0,80.0,68.0,4136.0,36.2840142384516,1.0,36.2840142384516,1,36.2840142384516,8.0,292.63,220.09,2.358460925499354
FAPI,0,5,10.0,1,4365.0,148.0,4310.0,102.0,110.0,92.0,8044.0,50.6012324401532,1.0,50.6012324401532,0,50.6012324401532,10.0,283.725,9.620000000000001,3.2890801086099577
FAPI,1,5,10.0,2,4501.0,3387.0,4454.0,3350.0,94.0,74.0,4964.0,39.75034936973935,1.0,39.75034936973935,1,39.75034936973935,10.0,292.565,220.155,2.583772709033058
FAPI,0,6,12.0,2,4366.0,147.0,4310.0,98.0,112.0,98.0,8724.0,52.69663601281765,1.0,52.69663601281765,0,52.69663601281765,12.0,283.79,9.555,3.4252813408331475
FAPI,1,6,12.0,1,4502.0,3386.0,4450.0,3348.0,104.0,76.0,5820.0,43.04141653790755,1.0,43.04141653790755,1,43.04141653790755,12.0,292.63,220.09,2.797692074963991
FAPI,0,7,14.0,1,4366.0,146.0,4308.0,92.0,116.0,108.0,9680.0,55.50891548444353,1.0,55.50891548444353,0,55.50891548444353,14.0,283.79,9.49,3.6080795064888296
FAPI,1,7,14.0,2,4504.0,3384.0,4452.0,3344.0,104.0,80.0,6020.0,43.77471318953923,1.0,43.77471318953923,1,43.77471318953923,14.0,292.76,219.96,2.8453563573200498
FAPI,0,8,16.0,1,4365.0,146.0,4306.0,90.0,118.0,112.0,10172.0,56.90209277576282,1.0,56.90209277576282,0,56.90209277576282,16.0,283.725,9.49,3.6986360304245833
FAPI,1,8,16.0,2,4504.0,3383.0,4448.0,3342.0,112.0,82.0,6760.0,46.38722701997205,1.0,46.38722701997205,1,46.38722701997205,16.0,292.76,219.895,3.0151697562981834
FAPI,1,9,18.0,2,4504.0,3382.0,4446.0,3340.0,116.0,84.0,7244.0,48.01912968302716,1.0,48.01912968302716,1,48.01912968302716,18.0,292.76,219.83,3.1212434293967655
FAPI,1,10,20.0,2,4515.0,3379.0,4442.0,3334.0,146.0,90.0,8552.0,52.17457375622515,1.0,52.17457375622515,1,52.17457375622515,20.0,293.475,219.63500000000002,3.391347294154635
FAPI,2,17,34.0,4,3904.0,481.0,3888.0,462.0,32.0,38.0,904.0,16.96325844612841,1.0,16.96325844612841,2,16.96325844612841,34.0,253.76000000000002,31.265,1.1026117989983466
FAPI,4,18,36.0,4,4510.0,3040.0,4464.0,2996.0,92.0,88.0,6164.0,44.29517059947829,1.0,44.29517059947829,3,44.29517059947829,36.0,293.15000000000003,197.6,2.879186088966089
FAPI,1,18,36.0,1,4540.0,3350.0,4414.0,3278.0,252.0,144.0,21368.0,82.47209011523377,1.0,82.47209011523377,4,82.47209011523377,36.0,295.1,217.75,5.360685857490195
FAPI,2,18,36.0,3,3904.0,481.0,3888.0,462.0,32.0,38.0,936.0,17.26088217525478,1.0,17.26088217525478,2,17.26088217525478,36.0,253.76000000000002,31.265,1.1219573413915607
FAPI,5,19,38.0,0,4398.0,128.0,4288.0,24.0,220.0,208.0,27420.0,93.42407119773544,1.0,93.42407119773544,5,93.42407119773544,38.0,285.87,8.32,6.072564627852804
FAPI,2,19,38.0,3,3904.0,481.0,3888.0,462.0,32.0,38.0,956.0,17.44431859350499,1.0,17.44431859350499,2,17.44431859350499,38.0,253.76000000000002,31.265,1.1338807085778242
FAPI,4,19,38.0,4,4514.0,3042.0,4462.0,2996.0,104.0,92.0,7380.0,48.46779301800707,1.0,48.46779301800707,3,48.46779301800707,38.0,293.41,197.73000000000002,3.15040654617046
FAPI,1,19,38.0,2,4535.0,3348.0,4400.0,3274.0,270.0,148.0,22656.0,84.92130934800736,1.0,84.92130934800736,4,84.92130934800736,38.0,294.77500000000003,217.62,5.519885107620478
FAPI,4,20,40.0,2,4513.0,3048.0,4456.0,2992.0,114.0,112.0,9984.0,56.37380511956742,1.0,56.37380511956742,3,56.37380511956742,40.0,293.345,198.12,3.6642973327718824
FAPI,2,20,40.0,3,3904.0,481.0,3888.0,462.0,32.0,38.0,956.0,17.44431859350499,1.0,17.44431859350499,2,17.44431859350499,40.0,253.76000000000002,31.265,1.1338807085778242
FAPI,1,20,40.0,1,4534.0,3347.0,4396.0,3272.0,276.0,150.0,24316.0,87.97740160089438,1.0,87.97740160089438,4,87.97740160089438,40.0,294.71000000000004,217.555,5.718531104058135
FAPI,5,20,40.0,0,4394.0,126.0,4282.0,20.0,224.0,212.0,28972.0,96.03163032312207,1.0,96.03163032312207,5,96.03163032312207,40.0,285.61,8.19,6.242055971002935
FAPI,4,21,42.0,2,4511.0,3052.0,4452.0,2990.0,118.0,124.0,11144.0,59.55875562528286,1.0,59.55875562528286,3,59.55875562528286,42.0,293.21500000000003,198.38,3.871319115643386
FAPI,2,21,42.0,3,3904.0,480.0,3888.0,460.0,32.0,40.0,984.0,17.697935698969246,1.0,17.697935698969246,2,17.697935698969246,42.0,253.76000000000002,31.200000000000003,1.150365820433001
FAPI,1,21,42.0,1,4534.0,3345.0,4394.0,3268.0,280.0,154.0,26068.0,91.09172362536049,1.0,91.09172362536049,4,91.09172362536049,42.0,294.71000000000004,217.425,5.920962035648432
FAPI,5,21,42.0,0,4395.0,125.0,4278.0,14.0,234.0,222.0,31336.0,99.87271195604566,1.0,99.87271195604566,5,99.87271195604566,42.0,285.675,8.125,6.491726277142968
FAPI,2,22,44.0,5,3904.0,481.0,3888.0,462.0,32.0,38.0,996.0,17.805522925178455,1.0,17.805522925178455,2,17.805522925178455,44.0,253.76000000000002,31.265,1.1573589901365995
FAPI,1,22,44.0,1,4535.0,3340.0,4392.0,3260.0,286.0,160.0,28176.0,94.70321722684234,1.0,94.70321722684234,4,94.70321722684234,44.0,294.77500000000003,217.1,6.155709119744753
FAPI,4,22,44.0,3,4513.0,3057.0,4452.0,2986.0,122.0,142.0,12536.0,63.169080515708,1.0,63.169080515708,3,63.169080515708,44.0,293.345,198.705,4.1059902335210205
FAPI,5,22,44.0,0,4403.0,128.0,4278.0,12.0,250.0,232.0,34840.0,105.3086721720641,1.0,105.3086721720641,5,105.3086721720641,44.0,286.195,8.32,6.845063691184167
FAPI,5,23,46.0,0,4409.0,129.0,4278.0,10.0,262.0,238.0,37316.0,108.98647490782668,1.0,108.98647490782668,5,108.98647490782668,46.0,286.58500000000004,8.385,7.084120869008734
FAPI,1,23,46.0,1,4536.0,3337.0,4390.0,3254.0,292.0,166.0,30192.0,98.03270925390672,1.0,98.03270925390672,4,98.03270925390672,46.0,294.84000000000003,216.905,6.3721261015039365
FAPI,2,23,46.0,3,3905.0,481.0,3888.0,460.0,34.0,42.0,1048.0,18.26441241104166,1.0,18.26441241104166,2,18.26441241104166,46.0,253.82500000000002,31.265,1.187186806717708
FAPI,4,23,46.0,2,4513.0,3060.0,4450.0,2984.0,126.0,152.0,13068.0,64.49553157118544,1.0,64.49553157118544,3,64.49553157118544,46.0,293.345,198.9,4.1922095521270535
FAPI,2,24,48.0,4,3905.0,481.0,3888.0,460.0,34.0,42.0,1064.0,18.403307281560924,1.0,18.403307281560924,2,18.403307281560924,48.0,253.82500000000002,31.265,1.19621497330146
FAPI,5,24,48.0,0,4411.0,134.0,4274.0,10.0,274.0,248.0,41400.0,114.79559785988718,1.0,114.79559785988718,5,114.79559785988718,48.0,286.71500000000003,8.71,7.461713860892667
FAPI,1,24,48.0,1,4536.0,3334.0,4386.0,3248.0,300.0,172.0,32904.0,102.34094241793676,1.0,102.34094241793676,4,102.34094241793676,48.0,294.84000000000003,216.71,6.65216125716589
FAPI,4,24,48.0,2,4512.0,3063.0,4446.0,2980.0,132.0,166.0,14888.0,68.84037758106993,1.0,68.84037758106993,3,68.84037758106993,48.0,293.28000000000003,199.095,4.474624542769545
FAPI,4,25,50.0,4,4511.0,3065.0,4444.0,2978.0,134.0,174.0,15632.0,70.53949348290655,1.0,70.53949348290655,3,70.53949348290655,50.0,293.21500000000003,199.225,4.585067076388926
FAPI,5,25,50.0,0,4413.0,141.0,4272.0,8.0,282.0,266.0,44936.0,119.59754615189568,1.0,119.59754615189568,5,119.59754615189568,50.0,286.845,9.165000000000001,7.77384049987322
FAPI,2,25,50.0,5,3905.0,481.0,3888.0,460.0,34.0,42.0,1084.0,18.575465448360347,1.0,18.575465448360347,2,18.575465448360347,50.0,253.82500000000002,31.265,1.2074052541434226
FAPI,8,25,50.0,2,4179.0,3305.0,4146.0,3270.0,66.0,70.0,3756.0,34.57704343211429,1.0,34.57704343211429,6,34.57704343211429,50.0,271.635,214.82500000000002,2.2475078230874286
FAPI,9,25,50.0,3,4414.0,2856.0,4374.0,2832.0,80.0,48.0,2880.0,30.277590264241923,1.0,30.277590264241923,7,30.277590264241923,50.0,286.91,185.64000000000001,1.9680433671757251
FAPI,1,25,50.0,1,4536.0,3333.0,4382.0,3246.0,308.0,174.0,35060.0,105.6406390060364,1.0,105.6406390060364,4,105.6406390060364,50.0,294.84000000000003,216.645,6.8666415353923655
FAPI,8,26,52.0,2,4179.0,3306.0,4140.0,3264.0,78.0,84.0,5180.0,40.60597505826004,1.0,40.60597505826004,6,40.60597505826004,52.0,271.635,214.89000000000001,2.639388378786903
FAPI,4,26,52.0,4,4512.0,3065.0,4442.0,2974.0,140.0,182.0,17144.0,73.87221865312364,1.0,73.87221865312364,3,73.87221865312364,52.0,293.28000000000003,199.225,4.801694212453037
FAPI,5,26,52.0,0,4415.0,147.0,4272.0,8.0,286.0,278.0,47252.0,122.64085266319896,1.0,122.64085266319896,5,122.64085266319896,52.0,286.975,9.555,7.971655423107933
FAPI,9,26,52.0,3,4414.0,2856.0,4368.0,2828.0,92.0,56.0,3916.0,35.30582833323309,1.0,35.30582833323309,7,35.30582833323309,52.0,286.91,185.64000000000001,2.2948788416601507
FAPI,1,26,52.0,1,4534.0,3331.0,4374.0,3242.0,320.0,178.0,37604.0,109.40623821361952,1.0,109.40623821361952,4,109.40623821361952,52.0,294.71000000000004,216.51500000000001,7.111405483885269
FAPI,2,26,52.0,5,3905.0,481.0,3888.0,460.0,34.0,42.0,1112.0,18.81384047546846,1.0,18.81384047546846,2,18.81384047546846,52.0,253.82500000000002,31.265,1.2228996309054498
FAPI,2,27,54.0,4,3905.0,481.0,3888.0,460.0,34.0,42.0,1136.0,19.015783725757565,1.0,19.015783725757565,2,19.015783725757565,54.0,253.82500000000002,31.265,1.2360259421742417
FAPI,4,27,54.0,3,4511.0,3066.0,4440.0,2974.0,142.0,184.0,17676.0,75.00963636883387,1.0,75.00963636883387,3,75.00963636883387,54.0,293.21500000000003,199.29000000000002,4.8756263639742015
FAPI,8,27,54.0,1,4183.0,3306.0,4138.0,3262.0,90.0,88.0,6004.0,43.71650210901461,1.0,43.71650210901461,6,43.71650210901461,54.0,271.895,214.89000000000001,2.84157263708595
FAPI,9,27,54.0,2,4412.0,2856.0,4362.0,2826.0,100.0,60.0,4336.0,37.150930896720695,1.0,37.150930896720695,7,37.150930896720695,54.0,286.78000000000003,185.64000000000001,2.414810508286845
FAPI,11,27,54.0,6,521.0,372.0,494.0,340.0,54.0,64.0,2444.0,27.891743614073043,1.0,27.891743614073043,8,27.891743614073043,54.0,33.865,24.18,1.8129633349147478
FAPI,5,27,54.0,8,4417.0,152.0,4270.0,6.0,294.0,292.0,54624.0,131.86113613534272,1.0,131.86113613534272,5,131.86113613534272,54.0,287.105,9.88,8.570973848797276
FAPI,12,27,54.0,7,3618.0,2923.0,3572.0,2896.0,92.0,54.0,4028.0,35.80715321759479,1.0,35.80715321759479,9,35.80715321759479,54.0,235.17000000000002,189.995,2.3274649591436614
FAPI,1,27,54.0,0,4524.0,3331.0,4352.0,3242.0,344.0,178.0,40316.0,113.28274966377585,1.0,113.28274966377585,4,113.28274966377585,54.0,294.06,216.51500000000001,7.36337872814543
FAPI,8,28,56.0,2,4184.0,3306.0,4132.0,3256.0,104.0,100.0,7784.0,49.77674310413073,1.0,49.77674310413073,6,49.77674310413073,56.0,271.96000000000004,214.89000000000001,3.2354883017684974
FAPI,4,28,56.0,4,4506.0,3065.0,4432.0,2970.0,148.0,190.0,19420.0,78.62301183298192,1.0,78.62301183298192,3,78.62301183298192,56.0,292.89,199.225,5.110495769143824
FAPI,2,28,56.0,7,3905.0,481.0,3888.0,460.0,34.0,42.0,1148.0,19.11595536035256,1.0,19.11595536035256,2,19.11595536035256,56.0,253.82500000000002,31.265,1.2425370984229165
FAPI,12,28,56.0,6,3616.0,2922.0,3566.0,2892.0,100.0,60.0,4992.0,39.86229988133503,1.0,39.86229988133503,9,39.86229988133503,56.0,235.04000000000002,189.93,2.591049492286777
FAPI,13,28,56.0,8,4668.0,3046.0,4632.0,2844.0,72.0,404.0,21432.0,82.59550520876425,1.0,82.59550520876425,10,82.59550520876425,56.0,303.42,197.99,5.3687078385696765
FAPI,9,28,56.0,1,4409.0,2855.0,4354.0,2822.0,110.0,66.0,5252.0,40.88720487190668,1.0,40.88720487190668,7,40.88720487190668,56.0,286.58500000000004,185.57500000000002,2.6576683166739343
FAPI,1,28,56.0,3,4519.0,3331.0,4344.0,3240.0,350.0,182.0,42956.0,116.93296999097778,1.0,116.93296999097778,4,116.93296999097778,56.0,293.735,216.51500000000001,7.600643049413556
FAPI,11,28,56.0,0,516.0,370.0,484.0,330.0,64.0,80.0,3508.0,33.416030295843605,1.0,33.416030295843605,8,33.416030295843605,56.0,33.54,24.05,2.1720419692298343
FAPI,5,28,56.0,9,4418.0,151.0,4270.0,6.0,296.0,290.0,54216.0,131.3677616058841,1.0,131.3677616058841,5,131.3677616058841,56.0,287.17,9.815,8.538904504382467
FAPI,1,29,58.0,4,4519.0,3330.0,4342.0,3240.0,354.0,180.0,43884.0,118.18930173788772,1.0,118.18930173788772,4,118.18930173788772,58.0,293.735,216.45000000000002,7.682304612962702
FAPI,13,29,58.0,9,4668.0,3044.0,4632.0,2840.0,72.0,408.0,22064.0,83.80447081605585,1.0,83.80447081605585,10,83.80447081605585,58.0,303.42,197.86,5.447290603043631
FAPI,8,29,58.0,3,4184.0,3306.0,4126.0,3252.0,116.0,108.0,9216.0,54.162200020584606,1.0,54.162200020584606,6,54.162200020584606,58.0,271.96000000000004,214.89000000000001,3.5205430013379995
FAPI,11,29,58.0,0,514.0,368.0,480.0,326.0,68.0,84.0,4064.0,35.96680938658481,1.0,35.96680938658481,8,35.96680938658481,58.0,33.410000000000004,23.92,2.3378426101280128
FAPI,4,29,58.0,5,4505.0,3065.0,4430.0,2970.0,150.0,190.0,19984.0,79.75653431222344,1.0,79.75653431222344,3,79.75653431222344,58.0,292.825,199.225,5.184174730294523
FAPI,9,29,58.0,2,4409.0,2855.0,4354.0,2820.0,110.0,70.0,5612.0,42.26529405154344,1.0,42.26529405154344,7,42.26529405154344,58.0,286.58500000000004,185.57500000000002,2.747244113350324
FAPI,12,29,58.0,7,3618.0,2921.0,3566.0,2890.0,104.0,62.0,5276.0,40.9805192683753,1.0,40.9805192683753,9,40.9805192683753,58.0,235.17000000000002,189.865,2.663733752444395
FAPI,2,29,58.0,8,3905.0,481.0,3888.0,460.0,34.0,42.0,1152.0,19.149229459268767,1.0,19.149229459268767,2,19.149229459268767,58.0,253.82500000000002,31.265,1.24469991485247
FAPI,5,29,58.0,1,4419.0,153.0,4266.0,6.0,306.0,294.0,59484.0,137.6021266905298,1.0,137.6021266905298,5,137.6021266905298,58.0,287.235,9.945,8.944138234884436
FAPI,12,30,60.0,7,3621.0,2919.0,3564.0,2884.0,114.0,70.0,6444.0,45.29005306431366,1.0,45.29005306431366,9,45.29005306431366,60.0,235.365,189.735,2.943853449180388
FAPI,1,30,60.0,5,4518.0,3330.0,4338.0,3238.0,360.0,184.0,45784.0,120.72075144331512,1.0,120.72075144331512,4,120.72075144331512,60.0,293.67,216.45000000000002,7.846848843815483
FAPI,2,30,60.0,9,3905.0,481.0,3888.0,460.0,34.0,42.0,1172.0,19.314740138231286,1.0,19.314740138231286,2,19.314740138231286,60.0,253.82500000000002,31.265,1.2554581089850336
FAPI,13,30,60.0,8,4665.0,3043.0,4626.0,2838.0,78.0,410.0,22824.0,85.23558436626594,1.0,85.23558436626594,10,85.23558436626594,60.0,303.225,197.79500000000002,5.540312983807286
FAPI,5,30,60.0,1,4422.0,154.0,4266.0,6.0,312.0,296.0,64652.0,143.45511758579556,1.0,143.45511758579556,5,143.45511758579556,60.0,287.43,10.01,9.324582643076711
FAPI,9,30,60.0,4,4410.0,2854.0,4350.0,2814.0,120.0,80.0,6656.0,46.029019134012735,1.0,46.029019134012735,7,46.029019134012735,60.0,286.65000000000003,185.51000000000002,2.991886243710828
FAPI,4,30,60.0,6,4505.0,3064.0,4426.0,2966.0,158.0,196.0,22348.0,84.34209705974446,1.0,84.34209705974446,3,84.34209705974446,60.0,292.825,199.16,5.48223630888339
FAPI,11,30,60.0,0,515.0,366.0,478.0,320.0,74.0,92.0,4992.0,39.86229988133503,1.0,39.86229988133503,8,39.86229988133503,60.0,33.475,23.79,2.591049492286777
FAPI,8,30,60.0,3,4189.0,3307.0,4122.0,3248.0,134.0,118.0,12016.0,61.84506118021413,1.0,61.84506118021413,6,61.84506118021413,60.0,272.285,214.955,4.019928976713919
FAPI,2,31,62.0,9,3905.0,480.0,3888.0,458.0,34.0,44.0,1192.0,19.47884453275087,1.0,19.47884453275087,2,19.47884453275087,62.0,253.82500000000002,31.200000000000003,1.2661248946288066
FAPI,9,31,62.0,4,4412.0,2858.0,4350.0,2812.0,124.0,92.0,7516.0,48.91234102511728,1.0,48.91234102511728,7,48.91234102511728,62.0,286.78000000000003,185.77,3.179302166632623
FAPI,8,31,62.0,3,4189.0,3307.0,4120.0,3244.0,138.0,126.0,13336.0,65.15351596151226,1.0,65.15351596151226,6,65.15351596151226,62.0,272.285,214.955,4.2349785374982964
FAPI,1,31,62.0,5,4517.0,3330.0,4336.0,3238.0,362.0,184.0,46672.0,121.88584416563673,1.0,121.88584416563673,4,121.88584416563673,62.0,293.605,216.45000000000002,7.922579870766388
FAPI,13,31,62.0,8,4665.0,3043.0,4626.0,2836.0,78.0,414.0,22960.0,85.48915128119961,1.0,85.48915128119961,10,85.48915128119961,62.0,303.225,197.79500000000002,5.556794833277975
FAPI,4,31,62.0,6,4503.0,3064.0,4422.0,2966.0,162.0,196.0,24012.0,87.42572268528971,1.0,87.42572268528971,3,87.42572268528971,62.0,292.695,199.16,5.682671974543831
FAPI,12,31,62.0,7,3620.0,2920.0,3560.0,2882.0,120.0,76.0,7072.0,47.44562693327772,1.0,47.44562693327772,9,47.44562693327772,62.0,235.3,189.8,3.0839657506630522
FAPI,5,31,62.0,1,4422.0,158.0,4256.0,6.0,332.0,304.0,70380.0,149.6751475349705,1.0,149.6751475349705,5,149.6751475349705,62.0,287.43,10.27,9.728884589773083
FAPI,11,31,62.0,0,515.0,363.0,474.0,312.0,82.0,102.0,5932.0,43.45358724941183,1.0,43.45358724941183,8,43.45358724941183,62.0,33.475,23.595000000000002,2.824483171211769
FAPI,8,32,64.0,8,4187.0,3304.0,4114.0,3234.0,146.0,140.0,15916.0,71.17738509176361,1.0,71.17738509176361,6,71.17738509176361,64.0,272.15500000000003,214.76000000000002,4.626530030964635
FAPI,9,32,64.0,6,4410.0,2859.0,4342.0,2808.0,136.0,102.0,8788.0,52.88957628666685,1.0,52.88957628666685,7,52.88957628666685,64.0,286.65000000000003,185.835,3.4378224586333457
FAPI,5,32,64.0,2,4422.0,159.0,4250.0,6.0,344.0,306.0,74172.0,153.65442030096017,1.0,153.65442030096017,5,153.65442030096017,64.0,287.43,10.335,9.987537319562412
FAPI,11,32,64.0,0,515.0,362.0,472.0,308.0,86.0,108.0,6660.0,46.04284789176323,1.0,46.04284789176323,8,46.04284789176323,64.0,33.475,23.53,2.99278511296461
FAPI,1,32,64.0,5,4517.0,3329.0,4330.0,3238.0,374.0,182.0,48600.0,124.37789380968078,1.0,124.37789380968078,4,124.37789380968078,64.0,293.605,216.38500000000002,8.084563097629252
FAPI,2,32,64.0,12,3906.0,480.0,3888.0,458.0,36.0,44.0,1224.0,19.738573927438622,1.0,19.738573927438622,2,19.738573927438622,64.0,253.89000000000001,31.200000000000003,1.2830073052835105
FAPI,12,32,64.0,10,3619.0,2920.0,3554.0,2880.0,130.0,80.0,8208.0,51.114455350678966,1.0,51.114455350678966,9,51.114455350678966,64.0,235.235,189.8,3.322439597794133
FAPI,4,32,64.0,7,4498.0,3064.0,4412.0,2964.0,172.0,200.0,26892.0,92.5202110852245,1.0,92.5202110852245,3,92.5202110852245,64.0,292.37,199.16,6.013813720539593
FAPI,13,32,64.0,11,4660.0,3041.0,4616.0,2832.0,88.0,418.0,24216.0,87.79631087822925,1.0,87.79631087822925,10,87.79631087822925,64.0,302.90000000000003,197.66500000000002,5.706760207084901
FAPI,13,33,66.0,14,4659.0,3040.0,4614.0,2830.0,90.0,420.0,24540.0,88.38169837104412,1.0,88.38169837104412,10,88.38169837104412,66.0,302.83500000000004,197.6,5.744810394117868
FAPI,1,33,66.0,8,4517.0,3329.0,4330.0,3238.0,374.0,182.0,48972.0,124.8530005494165,1.0,124.8530005494165,4,124.8530005494165,66.0,293.605,216.38500000000002,8.115445035712073
FAPI,2,33,66.0,17,3906.0,480.0,3888.0,458.0,36.0,44.0,1240.0,19.867165345562015,1.0,19.867165345562015,2,19.867165345562015,66.0,253.89000000000001,31.200000000000003,1.291365747461531
FAPI,8,33,66.0,6,4190.0,3302.0,4112.0,3226.0,156.0,152.0,17400.0,74.42171739215615,1.0,74.42171739215615,6,74.42171739215615,66.0,272.35,214.63,4.83741163049015
FAPI,12,33,66.0,12,3621.0,2915.0,3554.0,2868.0,134.0,94.0,9908.0,56.15883147207568,1.0,56.15883147207568,9,56.15883147207568,66.0,235.365,189.475,3.6503240456849193
FAPI,5,33,66.0,2,4421.0,164.0,4244.0,6.0,354.0,316.0,80044.0,159.62078977907402,1.0,159.62078977907402,5,159.62078977907402,66.0,287.365,10.66,10.375351335639811
FAPI,11,33,66.0,0,516.0,363.0,470.0,306.0,92.0,114.0,7408.0,48.559650295791066,1.0,48.559650295791066,8,48.559650295791066,66.0,33.54,23.595000000000002,3.1563772692264194
FAPI,4,33,66.0,5,4496.0,3063.0,4408.0,2962.0,176.0,202.0,27836.0,94.13009078829148,1.0,94.13009078829148,3,94.13009078829148,66.0,292.24,199.095,6.118455901238947
FAPI,9,33,66.0,7,4408.0,2861.0,4338.0,2806.0,140.0,110.0,9476.0,54.9208929413716,1.0,54.9208929413716,7,54.9208929413716,66.0,286.52,185.965,3.569858041189154
FAPI,1,34,68.0,10,4517.0,3329.0,4330.0,3236.0,374.0,186.0,49900.0,126.03040633343667,1.0,126.03040633343667,4,126.03040633343667,68.0,293.605,216.38500000000002,8.191976411673384
FAPI,4,34,68.0,8,4495.0,3063.0,4404.0,2960.0,182.0,206.0,29172.0,96.3625238344946,1.0,96.3625238344946,3,96.3625238344946,68.0,292.175,199.095,6.263564049242149
FAPI,5,34,68.0,3,4423.0,165.0,4242.0,6.0,362.0,318.0,83744.0,163.26831630348664,1.0,163.26831630348664,5,163.26831630348664,68.0,287.495,10.725,10.612440559726632
FAPI,2,34,68.0,21,3906.0,480.0,3888.0,458.0,36.0,44.0,1244.0,19.899183360445612,1.0,19.899183360445612,2,19.899183360445612,68.0,253.89000000000001,31.200000000000003,1.2934469184289648
FAPI,11,34,68.0,0,516.0,363.0,468.0,304.0,96.0,118.0,8024.0,50.53828773057845,1.0,50.53828773057845,8,50.53828773057845,68.0,33.54,23.595000000000002,3.2849887024875994
FAPI,8,34,68.0,7,4193.0,3302.0,4108.0,3220.0,170.0,164.0,19552.0,78.88976419451053,1.0,78.88976419451053,6,78.88976419451053,68.0,272.545,214.63,5.127834672643185
FAPI,9,34,68.0,9,4408.0,2862.0,4332.0,2804.0,152.0,116.0,10840.0,58.740779414579535,1.0,58.740779414579535,7,58.740779414579535,68.0,286.52,186.03,3.8181506619476697
FAPI,12,34,68.0,11,3620.0,2918.0,3548.0,2868.0,144.0,100.0,10568.0,57.99912824508917,1.0,57.99912824508917,9,57.99912824508917,68.0,235.3,189.67000000000002,3.769943335930796
FAPI,13,34,68.0,17,4660.0,3038.0,4616.0,2826.0,88.0,424.0,24700.0,88.66935315394846,1.0,88.66935315394846,10,88.66935315394846,68.0,302.90000000000003,197.47,5.76350795500665
FAPI,13,35,70.0,15,4659.0,3038.0,4614.0,2826.0,90.0,424.0,24956.0,89.1276697754557,1.0,89.1276697754557,10,89.1276697754557,70.0,302.83500000000004,197.47,5.793298535404621
FAPI,5,35,70.0,2,4421.0,167.0,4234.0,6.0,374.0,322.0,89192.0,168.49538678701165,1.0,168.49538678701165,5,168.49538678701165,70.0,287.365,10.855,10.952200141155759
FAPI,8,35,70.0,5,4194.0,3303.0,4108.0,3218.0,172.0,170.0,20820.0,81.40768901244232,1.0,81.40768901244232,6,81.40768901244232,70.0,272.61,214.695,5.2914997858087505
FAPI,5,39,78.0,3,4414.0,172.0,4200.0,0.0,428.0,344.0,112192.0,188.97572000321057,1.0,188.97572000321057,11,188.97572000321057,78.0,286.91,11.18,12.283421800208687
FAPI,23,39,78.0,17,4593.0,3331.0,4482.0,3242.0,222.0,178.0,29872.0,97.51180913141852,1.0,97.51180913141852,12,97.51180913141852,78.0,298.545,216.51500000000001,6.338267593542204
FAPI,30,41,82.0,38,4405.0,3310.0,4106.0,3196.0,598.0,228.0,80996.0,160.56720568454293,1.0,160.56720568454293,13,160.56720568454293,82.0,286.325,215.15,10.43686836949529
FAPI,42,41,82.0,33,4048.0,2274.0,4012.0,2248.0,72.0,52.0,2792.0,29.811427376513585,1.0,29.811427376513585,14,29.811427376513585,82.0,263.12,147.81,1.937742779473383
FAPI,1,41,82.0,18,4514.0,3328.0,4324.0,3236.0,380.0,184.0,52676.0,129.48857696575925,1.0,129.48857696575925,15,129.48857696575925,82.0,293.41,216.32,8.416757502774352
FAPI,4,41,82.0,14,4478.0,3059.0,4370.0,2950.0,216.0,218.0,36052.0,107.12473111610606,1.0,107.12473111610606,16,107.12473111610606,82.0,291.07,198.835,6.963107522546895
FAPI,39,41,82.0,10,2210.0,586.0,2182.0,562.0,56.0,48.0,2184.0,26.366433043273013,1.0,26.366433043273013,17,26.366433043273013,82.0,143.65,38.09,1.7138181478127459
FAPI,28,41,82.0,8,4001.0,1835.0,3970.0,1804.0,62.0,62.0,3024.0,31.025297674958463,1.0,31.025297674958463,18,31.025297674958463,82.0,260.065,119.275,2.0166443488723003
FAPI,32,41,82.0,3,53.0,1272.0,0.0,1204.0,106.0,136.0,7940.0,50.273059348912696,1.0,50.273059348912696,19,50.273059348912696,82.0,3.4450000000000003,82.68,3.2677488576793254
FAPI,36,41,82.0,21,3224.0,3329.0,3196.0,3302.0,56.0,54.0,2404.0,27.66255531193445,1.0,27.66255531193445,20,27.66255531193445,82.0,209.56,216.38500000000002,1.7980660952757395
FAPI,27,41,82.0,2,87.0,2865.0,26.0,2790.0,122.0,150.0,10912.0,58.935536631454575,1.0,58.935536631454575,21,58.935536631454575,82.0,5.655,186.225,3.8308098810445474
FAPI,2,41,82.0,31,3905.0,480.0,3886.0,456.0,38.0,48.0,1388.0,21.019374919894773,1.0,21.019374919894773,22,21.019374919894773,82.0,253.82500000000002,31.200000000000003,1.3662593697931602
FAPI,23,41,82.0,20,4593.0,3331.0,4482.0,3242.0,222.0,178.0,29940.0,97.6227329690308,1.0,97.6227329690308,12,97.6227329690308,82.0,298.545,216.51500000000001,6.345477642987003
FAPI,5,41,82.0,4,4415.0,178.0,4194.0,6.0,442.0,344.0,117456.0,193.3582322829916,1.0,193.3582322829916,11,193.3582322829916,82.0,286.975,11.57,12.568285098394455
FAPI,32,42,84.0,3,54.0,1273.0,0.0,1202.0,108.0,142.0,8744.0,52.75700564655907,1.0,52.75700564655907,19,52.75700564655907,84.0,3.5100000000000002,82.745,3.42920536702634
FAPI,23,42,84.0,19,4594.0,3330.0,4484.0,3240.0,220.0,180.0,29764.0,97.33537616085091,1.0,97.33537616085091,12,97.33537616085091,84.0,298.61,216.45000000000002,6.32679945045531
FAPI,34,42,84.0,5,4615.0,2157.0,4526.0,1976.0,178.0,362.0,44452.0,118.95171735053624,1.0,118.95171735053624,23,118.95171735053624,84.0,299.975,140.205,7.731861627784856
FAPI,30,42,84.0,40,4404.0,3307.0,4104.0,3190.0,600.0,234.0,84276.0,163.78609210804544,1.0,163.78609210804544,13,163.78609210804544,84.0,286.26,214.955,10.646095987022953
FAPI,28,42,84.0,6,4002.0,1835.0,3968.0,1800.0,68.0,70.0,3632.0,34.00149271163735,1.0,34.00149271163735,18,34.00149271163735,84.0,260.13,119.275,2.2100970262564275
FAPI,27,42,84.0,2,89.0,2865.0,26.0,2788.0,126.0,154.0,11784.0,61.24511163178486,1.0,61.24511163178486,21,61.24511163178486,84.0,5.785,186.225,3.980932256066016
FAPI,20,42,84.0,18,3734.0,2491.0,3654.0,2416.0,160.0,150.0,18128.0,75.96263302927142,1.0,75.96263302927142,24,75.96263302927142,84.0,242.71,161.915,4.937571146902642
FAPI,9,42,84.0,14,4416.0,2864.0,4318.0,2794.0,196.0,140.0,17332.0,74.27615328850479,1.0,74.27615328850479,25,74.27615328850479,84.0,287.04,186.16,4.827949963752811
FAPI,36,42,84.0,22,3225.0,3329.0,3194.0,3298.0,62.0,62.0,3064.0,31.229817342839755,1.0,31.229817342839755,20,31.229817342839755,84.0,209.625,216.38500000000002,2.0299381272845842
FAPI,37,42,84.0,26,4271.0,835.0,4200.0,760.0,142.0,150.0,15176.0,69.50302750762162,1.0,69.50302750762162,26,69.50302750762162,84.0,277.615,54.275,4.517696787995406
FAPI,5,42,84.0,39,4417.0,178.0,4192.0,0.0,450.0,356.0,123512.0,198.280333523858,1.0,198.280333523858,11,198.280333523858,84.0,287.105,11.57,12.888221679050769
FAPI,44,42,84.0,1,921.0,1382.0,902.0,1364.0,38.0,36.0,1108.0,18.77997214831907,1.0,18.77997214831907,27,18.77997214831907,84.0,59.865,89.83,1.2206981896407396
FAPI,40,42,84.0,30,836.0,3072.0,810.0,3046.0,52.0,52.0,2224.0,26.60678836073137,1.0,26.60678836073137,28,26.60678836073137,84.0,54.34,199.68,1.7294412434475392
FAPI,42,42,84.0,33,4051.0,2276.0,4012.0,2246.0,78.0,60.0,3460.0,33.186626918021,1.0,33.186626918021,14,33.186626918021,84.0,263.315,147.94,2.157130749671365
FAPI,39,42,84.0,11,2210.0,586.0,2178.0,562.0,64.0,48.0,2584.0,28.679483013103894,1.0,28.679483013103894,17,28.679483013103894,84.0,143.65,38.09,1.8641663958517531
FAPI,1,42,84.0,20,4514.0,3327.0,4324.0,3234.0,380.0,186.0,53384.0,130.35587813380525,1.0,130.35587813380525,15,130.35587813380525,84.0,293.41,216.255,8.473132078697342
FAPI,8,42,84.0,13,4188.0,3296.0,4092.0,3178.0,192.0,236.0,31112.0,99.51511030466727,1.0,99.51511030466727,29,99.51511030466727,84.0,272.22,214.24,6.468482169803373
FAPI,4,42,84.0,15,4478.0,3061.0,4368.0,2952.0,220.0,218.0,37340.0,109.02151691341828,1.0,109.02151691341828,16,109.02151691341828,84.0,291.07,198.965,7.086398599372188
FAPI,46,42,84.0,35,2570.0,684.0,2552.0,666.0,36.0,36.0,1040.0,18.19456736586892,1.0,18.19456736586892,30,18.19456736586892,84.0,167.05,44.46,1.18264687878148
FAPI,48,42,84.0,38,1556.0,283.0,1534.0,266.0,44.0,34.0,1192.0,19.47884453275087,1.0,19.47884453275087,31,19.47884453275087,84.0,101.14,18.395,1.2661248946288066
FAPI,2,42,84.0,32,3905.0,479.0,3886.0,456.0,38.0,46.0,1384.0,20.98906578384008,1.0,20.98906578384008,22,20.98906578384008,84.0,253.82500000000002,31.135,1.3642892759496053
FAPI,48,43,86.0,39,1557.0,286.0,1532.0,266.0,50.0,40.0,1516.0,21.96719798824208,1.0,21.96719798824208,31,21.96719798824208,86.0,101.205,18.59,1.4278678692357354
FAPI,5,43,86.0,41,4420.0,179.0,4192.0,0.0,456.0,358.0,124932.0,199.4168766697376,1.0,199.4168766697376,11,199.4168766697376,86.0,287.3,11.635,12.962096983532945
FAPI,27,43,86.0,2,90.0,2865.0,26.0,2786.0,128.0,158.0,12124.0,62.1223716554051,1.0,62.1223716554051,21,62.1223716554051,86.0,5.8500000000000005,186.225,4.037954157601331
FAPI,1,43,86.0,21,4514.0,3327.0,4324.0,3234.0,380.0,186.0,53316.0,130.2728286780286,1.0,130.2728286780286,15,130.2728286780286,86.0,293.41,216.255,8.467733864071858
FAPI,44,43,86.0,1,922.0,1383.0,902.0,1364.0,40.0,38.0,1256.0,19.99492978349364,1.0,19.99492978349364,27,19.99492978349364,86.0,59.93,89.895,1.2996704359270865
FAPI,2,43,86.0,33,3906.0,479.0,3888.0,456.0,36.0,46.0,1252.0,19.963065333312567,1.0,19.963065333312567,22,19.963065333312567,86.0,253.89000000000001,31.135,1.297599246665317
FAPI,28,43,86.0,6,4003.0,1833.0,3968.0,1796.0,70.0,74.0,4024.0,35.78936967876878,1.0,35.78936967876878,18,35.78936967876878,86.0,260.195,119.14500000000001,2.3263090291199706
FAPI,42,43,86.0,32,4052.0,2276.0,4010.0,2244.0,84.0,64.0,3932.0,35.37788111906457,1.0,35.37788111906457,14,35.37788111906457,86.0,263.38,147.94,2.299562272739197
FAPI,4,43,86.0,15,4477.0,3060.0,4366.0,2950.0,222.0,220.0,37884.0,109.8128031159697,1.0,109.8128031159697,16,109.8128031159697,86.0,291.005,198.9,7.137832202538031
FAPI,30,43,86.0,43,4404.0,3304.0,4104.0,3184.0,600.0,240.0,88536.0,167.87460821448877,1.0,167.87460821448877,13,167.87460821448877,86.0,286.26,214.76000000000002,10.911849533941771
FAPI,36,43,86.0,22,3226.0,3329.0,3192.0,3296.0,68.0,66.0,3504.0,33.396973533360814,1.0,33.396973533360814,20,33.396973533360814,86.0,209.69,216.38500000000002,2.170803279668453
FAPI,23,43,86.0,20,4593.0,3330.0,4482.0,3240.0,222.0,180.0,29992.0,97.70747211152404,1.0,97.70747211152404,12,97.70747211152404,86.0,298.545,216.45000000000002,6.350985687249063
FAPI,37,43,86.0,26,4272.0,834.0,4200.0,760.0,144.0,148.0,14980.0,69.05274864212998,1.0,69.05274864212998,26,69.05274864212998,86.0,277.68,54.21,4.488428661738449
FAPI,8,43,86.0,14,4188.0,3295.0,4090.0,3174.0,196.0,242.0,32316.0,101.42239536668112,1.0,101.42239536668112,29,101.42239536668112,86.0,272.22,214.175,6.592455698834272
FAPI,20,43,86.0,19,3738.0,2490.0,3656.0,2412.0,164.0,156.0,19404.0,78.59061668870065,1.0,78.59061668870065,24,78.59061668870065,86.0,242.97,161.85,5.108390084765542
FAPI,46,43,86.0,34,2571.0,683.0,2550.0,664.0,42.0,38.0,1248.0,19.93114994066752,1.0,19.93114994066752,30,19.93114994066752,86.0,167.115,44.395,1.295524746143389
FAPI,9,43,86.0,16,4416.0,2865.0,4318.0,2794.0,196.0,142.0,17604.0,74.85671136497683,1.0,74.85671136497683,25,74.85671136497683,86.0,287.04,186.225,4.8656862387234945
FAPI,39,43,86.0,10,2212.0,586.0,2176.0,558.0,72.0,56.0,3184.0,31.83549399034338,1.0,31.83549399034338,17,31.83549399034338,86.0,143.78,38.09,2.06930710937232
FAPI,32,43,86.0,3,56.0,1274.0,0.0,1200.0,112.0,148.0,9704.0,55.57768558987955,1.0,55.57768558987955,19,55.57768558987955,86.0,3.64,82.81,3.6125495633421707
FAPI,40,43,86.0,30,837.0,3073.0,810.0,3046.0,54.0,54.0,2316.0,27.151532118863187,1.0,27.151532118863187,28,27.151532118863187,86.0,54.405,199.745,1.7648495877261072
FAPI,34,43,86.0,5,4615.0,2157.0,4526.0,1974.0,178.0,366.0,45436.0,120.26108260217316,1.0,120.26108260217316,23,120.26108260217316,86.0,299.975,140.205,7.816970369141256
FAPI,27,44,88.0,3,88.0,2864.0,22.0,2784.0,132.0,160.0,12940.0,64.17889004352017,1.0,64.17889004352017,21,64.17889004352017,88.0,5.720000000000001,186.16,4.171627852828811
FAPI,44,44,88.0,1,922.0,1383.0,902.0,1364.0,40.0,38.0,1236.0,19.83509564693766,1.0,19.83509564693766,27,19.83509564693766,88.0,59.93,89.895,1.289281217050948
FAPI,2,44,88.0,39,3906.0,479.0,3888.0,456.0,36.0,46.0,1280.0,20.185060176161283,1.0,20.185060176161283,22,20.185060176161283,88.0,253.89000000000001,31.135,1.3120289114504835
FAPI,23,44,88.0,23,4597.0,3330.0,4490.0,3240.0,214.0,180.0,29484.0,96.87646093991503,1.0,96.87646093991503,12,96.87646093991503,88.0,298.805,216.45000000000002,6.296969961094478
FAPI,46,44,88.0,38,2571.0,684.0,2550.0,664.0,42.0,40.0,1348.0,20.71428798138497,1.0,20.71428798138497,30,20.71428798138497,88.0,167.115,44.46,1.346428718790023
FAPI,9,44,88.0,19,4416.0,2865.0,4316.0,2794.0,200.0,142.0,18220.0,76.1551451070029,1.0,76.1551451070029,25,76.1551451070029,88.0,287.04,186.225,4.950084431955188
FAPI,36,44,88.0,27,3225.0,3328.0,3186.0,3292.0,78.0,72.0,4396.0,37.40708836121763,1.0,37.40708836121763,20,37.40708836121763,88.0,209.625,216.32,2.431460743479146
FAPI,30,44,88.0,47,4402.0,3301.0,4100.0,3178.0,604.0,246.0,90256.0,169.4974250170315,1.0,169.4974250170315,13,169.4974250170315,88.0,286.13,214.565,11.017332626107049
FAPI,1,44,88.0,25,4514.0,3327.0,4324.0,3234.0,380.0,186.0,54796.0,132.06857507873323,1.0,132.06857507873323,15,132.06857507873323,88.0,293.41,216.255,8.58445738011766
FAPI,5,44,88.0,5,4410.0,182.0,4168.0,4.0,484.0,356.0,128912.0,202.56841818932395,1.0,202.56841818932395,11,202.56841818932395,88.0,286.65000000000003,11.83,13.166947182306057
FAPI,32,44,88.0,4,56.0,1275.0,0.0,1200.0,112.0,150.0,10380.0,57.480923953845306,1.0,57.480923953845306,19,57.480923953845306,88.0,3.64,82.875,3.736260056999945
FAPI,40,44,88.0,34,836.0,3073.0,808.0,3046.0,56.0,54.0,2388.0,27.5703465376642,1.0,27.5703465376642,28,27.5703465376642,88.0,54.34,199.745,1.792072524948173
FAPI,42,44,88.0,35,4051.0,2275.0,4006.0,2240.0,90.0,70.0,4716.0,38.7446696107059,1.0,38.7446696107059,14,38.7446696107059,88.0,263.315,147.875,2.5184035246958834
FAPI,39,44,88.0,12,2210.0,587.0,2172.0,556.0,76.0,62.0,3796.0,34.76067214473376,1.0,34.76067214473376,17,34.76067214473376,88.0,143.65,38.155,2.2594436894076946
FAPI,20,44,88.0,22,3737.0,2489.0,3650.0,2408.0,174.0,162.0,21368.0,82.47209011523377,1.0,82.47209011523377,24,82.47209011523377,88.0,242.905,161.785,5.360685857490195
FAPI,8,44,88.0,18,4186.0,3293.0,4086.0,3170.0,200.0,246.0,33456.0,103.195811698755,1.0,103.195811698755,29,103.195811698755,88.0,272.09000000000003,214.04500000000002,6.707727760419075
FAPI,37,44,88.0,31,4271.0,835.0,4198.0,760.0,146.0,150.0,15336.0,69.86845078083965,1.0,69.86845078083965,26,69.86845078083965,88.0,277.615,54.275,4.541449300754578
FAPI,34,44,88.0,6,4614.0,2156.0,4524.0,1974.0,180.0,364.0,46212.0,121.2837023689718,1.0,121.2837023689718,23,121.2837023689718,88.0,299.91,140.14000000000001,7.883440653983167
FAPI,28,44,88.0,9,4003.0,1832.0,3966.0,1792.0,74.0,80.0,4680.0,38.59650589548412,1.0,38.59650589548412,18,38.59650589548412,88.0,260.195,119.08,2.508772883206468
FAPI,48,44,88.0,41,1555.0,285.0,1526.0,262.0,58.0,46.0,2040.0,25.48238936628457,1.0,25.48238936628457,31,25.48238936628457,88.0,101.075,18.525000000000002,1.656355308808497
FAPI,4,44,88.0,20,4474.0,3060.0,4362.0,2950.0,224.0,220.0,38452.0,110.63295957145463,1.0,110.63295957145463,16,110.63295957145463,88.0,290.81,198.9,7.191142372144552
FAPI,8,45,90.0,19,4184.0,3291.0,4084.0,3164.0,200.0,254.0,34368.0,104.59289731317573,1.0,104.59289731317573,29,104.59289731317573,90.0,271.96000000000004,213.91500000000002,6.798538325356422
FAPI,9,45,90.0,20,4413.0,2864.0,4314.0,2792.0,198.0,144.0,18140.0,75.9877709593719,1.0,75.9877709593719,25,75.9877709593719,90.0,286.845,186.16,4.939205112359174
FAPI,34,45,90.0,6,4612.0,2157.0,4520.0,1974.0,184.0,366.0,48356.0,124.06527659382937,1.0,124.06527659382937,23,124.06527659382937,90.0,299.78000000000003,140.205,8.064242978598909
FAPI,20,45,90.0,22,3735.0,2488.0,3648.0,2406.0,174.0,164.0,22252.0,84.16074849573113,1.0,84.16074849573113,24,84.16074849573113,90.0,242.775,161.72,5.470448652222523
FAPI,48,45,90.0,49,1555.0,283.0,1522.0,248.0,66.0,70.0,3148.0,31.655007845624887,1.0,31.655007845624887,31,31.655007845624887,90.0,101.075,18.395,2.0575755099656177
FAPI,4,45,90.0,21,4472.0,3059.0,4360.0,2948.0,224.0,222.0,38288.0,110.39677949199869,1.0,110.39677949199869,16,110.39677949199869,90.0,290.68,198.835,7.175790666979915
FAPI,32,46,92.0,3,57.0,1269.0,0.0,1186.0,114.0,166.0,13028.0,64.39674834339405,1.0,64.39674834339405,19,64.39674834339405,92.0,3.705,82.485,4.185788642320613
FAPI,40,46,92.0,44,835.0,3073.0,804.0,3044.0,62.0,58.0,2768.0,29.683021493047715,1.0,29.683021493047715,28,29.683021493047715,92.0,54.275,199.745,1.9293963970481016
FAPI,4,46,92.0,28,4471.0,3059.0,4354.0,2948.0,234.0,222.0,39444.0,112.05094890554672,1.0,112.05094890554672,16,112.05094890554672,92.0,290.615,198.835,7.283311678860537
FAPI,30,46,92.0,56,4401.0,3296.0,4098.0,3168.0,606.0,256.0,92832.0,171.89922441422956,1.0,171.89922441422956,13,171.89922441422956,92.0,286.065,214.24,11.173449586924923
FAPI,8,46,92.0,23,4185.0,3287.0,4084.0,3156.0,202.0,262.0,35784.0,106.72582146416472,1.0,106.72582146416472,29,106.72582146416472,92.0,272.02500000000003,213.655,6.937178395170707
FAPI,48,46,92.0,52,1555.0,289.0,1520.0,232.0,70.0,114.0,4860.0,39.33174350131485,1.0,39.33174350131485,31,39.33174350131485,92.0,101.075,18.785,2.556563327585465
FAPI,34,46,92.0,7,4612.0,2157.0,4520.0,1974.0,184.0,366.0,47560.0,123.0399048557056,1.0,123.0399048557056,23,123.0399048557056,92.0,299.78000000000003,140.205,7.997593815620864
FAPI,42,46,92.0,45,4050.0,2275.0,4000.0,2236.0,100.0,78.0,5812.0,43.01182463579279,1.0,43.01182463579279,14,43.01182463579279,92.0,263.25,147.875,2.7957686013265315
FAPI,23,46,92.0,30,4592.0,3329.0,4486.0,3238.0,212.0,182.0,29516.0,96.92901836189596,1.0,96.92901836189596,12,96.92901836189596,92.0,298.48,216.38500000000002,6.300386193523237
FAPI,44,46,92.0,2,919.0,1381.0,898.0,1362.0,42.0,38.0,1236.0,19.83509564693766,1.0,19.83509564693766,27,19.83509564693766,92.0,59.735,89.765,1.289281217050948
FAPI,36,46,92.0,31,3225.0,3328.0,3180.0,3284.0,90.0,88.0,5936.0,43.46823534935576,1.0,43.46823534935576,20,43.46823534935576,92.0,209.625,216.32,2.8254352977081245
FAPI,2,46,92.0,51,3906.0,479.0,3888.0,456.0,36.0,46.0,1312.0,20.435815879801165,1.0,20.435815879801165,22,20.435815879801165,92.0,253.89000000000001,31.135,1.3283280321870758
FAPI,37,46,92.0,20,4268.0,833.0,4190.0,756.0,156.0,154.0,16712.0,72.93555249604618,1.0,72.93555249604618,26,72.93555249604618,92.0,277.42,54.145,4.740810912243002
FAPI,5,46,92.0,6,4404.0,186.0,4152.0,6.0,504.0,360.0,134752.0,207.10599649222652,1.0,207.10599649222652,11,207.10599649222652,92.0,286.26,12.09,13.461889771994725
FAPI,1,46,92.0,27,4513.0,3327.0,4322.0,3234.0,382.0,186.0,56144.0,133.68317115442298,1.0,133.68317115442298,15,133.68317115442298,92.0,293.345,216.255,8.689406125037493
FAPI,9,46,92.0,25,4414.0,2865.0,4312.0,2792.0,204.0,146.0,18884.0,77.53040623326247,1.0,77.53040623326247,25,77.53040623326247,92.0,286.91,186.225,5.039476405162061
FAPI,39,46,92.0,12,2209.0,583.0,2168.0,546.0,82.0,74.0,4812.0,39.13703070387943,1.0,39.13703070387943,17,39.13703070387943,92.0,143.585,37.895,2.543906995752163
FAPI,28,46,92.0,10,4003.0,1831.0,3962.0,1786.0,82.0,90.0,5700.0,42.59537945889914,1.0,42.59537945889914,18,42.59537945889914,92.0,260.195,119.015,2.768699664828444
FAPI,27,46,92.0,4,89.0,2863.0,20.0,2782.0,138.0,162.0,13260.0,64.96760031582716,1.0,64.96760031582716,21,64.96760031582716,92.0,5.785,186.095,4.2228940205287655
FAPI,46,46,92.0,47,2569.0,683.0,2546.0,662.0,46.0,42.0,1488.0,21.76338922689847,1.0,21.76338922689847,30,21.76338922689847,92.0,166.985,44.395,1.4146202997484008
FAPI,5,47,94.0,9,4398.0,189.0,4138.0,6.0,520.0,366.0,140344.0,211.35960509656977,1.0,211.35960509656977,11,211.35960509656977,94.0,285.87,12.285,13.738374331277035
FAPI,2,47,94.0,56,3905.0,479.0,3886.0,456.0,38.0,46.0,1320.0,20.49802550887777,1.0,20.49802550887777,22,20.49802550887777,94.0,253.82500000000002,31.135,1.332371658077055
FAPI,42,47,94.0,47,4053.0,2275.0,4002.0,2236.0,102.0,78.0,6180.0,44.35262220676277,1.0,44.35262220676277,14,44.35262220676277,94.0,263.445,147.875,2.88292044343958
FAPI,1,47,94.0,29,4511.0,3328.0,4324.0,3234.0,374.0,188.0,56116.0,133.64983192316254,1.0,133.64983192316254,15,133.64983192316254,94.0,293.21500000000003,216.32,8.687239075005564
FAPI,48,47,94.0,53,1556.0,287.0,1518.0,220.0,76.0,134.0,6272.0,44.68153540496046,1.0,44.68153540496046,31,44.68153540496046,94.0,101.14,18.655,2.9042998013224297
FAPI,4,47,94.0,32,4473.0,3059.0,4358.0,2948.0,230.0,222.0,39720.0,112.44229043923004,1.0,112.44229043923004,16,112.44229043923004,94.0,290.745,198.835,7.308748878549952
FAPI,23,47,94.0,30,4594.0,3329.0,4490.0,3238.0,208.0,182.0,29336.0,96.63301103188124,1.0,96.63301103188124,12,96.63301103188124,94.0,298.61,216.38500000000002,6.281145717072281
FAPI,46,47,94.0,50,2572.0,684.0,2548.0,662.0,48.0,44.0,1672.0,23.06976657227589,1.0,23.06976657227589,30,23.06976657227589,94.0,167.18,44.46,1.4995348271979327
FAPI,40,47,94.0,46,837.0,3074.0,806.0,3044.0,62.0,60.0,2960.0,30.695231927842155,1.0,30.695231927842155,28,30.695231927842155,94.0,54.405,199.81,1.9951900753097402
FAPI,44,47,94.0,3,921.0,1382.0,900.0,1362.0,42.0,40.0,1356.0,20.775663783985824,1.0,20.775663783985824,27,20.775663783985824,94.0,59.865,89.83,1.3504181459590785
FAPI,28,47,94.0,14,4008.0,1830.0,3964.0,1782.0,88.0,96.0,6372.0,45.03632528041241,1.0,45.03632528041241,18,45.03632528041241,94.0,260.52,118.95,2.9273611432268067
FAPI,32,47,94.0,1,59.0,1269.0,0.0,1184.0,118.0,170.0,13580.0,65.74684976769517,1.0,65.74684976769517,19,65.74684976769517,94.0,3.835,82.485,4.273545234900186
FAPI,37,47,94.0,21,4271.0,832.0,4190.0,754.0,162.0,156.0,17416.0,74.45592641138043,1.0,74.45592641138043,26,74.45592641138043,94.0,277.615,54.08,4.839635216739728
FAPI,34,47,94.0,11,4612.0,2158.0,4520.0,1974.0,184.0,368.0,47680.0,123.19502982362212,1.0,123.19502982362212,23,123.19502982362212,94.0,299.78000000000003,140.27,8.007676938535438
FAPI,27,47,94.0,5,90.0,2864.0,20.0,2782.0,140.0,164.0,13796.0,66.2676632286938,1.0,66.2676632286938,21,66.2676632286938,94.0,5.8500000000000005,186.16,4.3073981098650975
FAPI,36,47,94.0,35,3226.0,3327.0,3178.0,3282.0,96.0,90.0,6412.0,45.177461086369895,1.0,45.177461086369895,20,45.177461086369895,94.0,209.69,216.255,2.9365349706140433
FAPI,8,47,94.0,25,4187.0,3288.0,4084.0,3156.0,206.0,264.0,36588.0,107.91812690967414,1.0,107.91812690967414,29,107.91812690967414,94.0,272.15500000000003,213.72,7.01467824912882
FAPI,9,47,94.0,27,4416.0,2865.0,4314.0,2792.0,204.0,146.0,19440.0,78.6634870026297,1.0,78.6634870026297,25,78.6634870026297,94.0,287.04,186.225,5.11312665517093
FAPI,30,47,94.0,63,4401.0,3294.0,4098.0,3164.0,606.0,260.0,94016.0,172.99197166185274,1.0,172.99197166185274,13,172.99197166185274,94.0,286.065,214.11,11.24447815802043
FAPI,39,47,94.0,13,2210.0,584.0,2168.0,544.0,84.0,80.0,5424.0,41.55132756797165,1.0,41.55132756797165,17,41.55132756797165,94.0,143.65,37.96,2.700836291918157
FAPI,20,47,94.0,26,3743.0,2489.0,3648.0,2404.0,190.0,170.0,25124.0,89.42716354934645,1.0,89.42716354934645,24,89.42716354934645,94.0,243.29500000000002,161.785,5.812765630707519
FAPI,44,48,96.0,3,921.0,1382.0,900.0,1362.0,42.0,40.0,1300.0,20.34214472564109,1.0,20.34214472564109,27,20.34214472564109,96.0,59.865,89.83,1.322239407166671
FAPI,20,48,96.0,28,3743.0,2489.0,3646.0,2402.0,194.0,174.0,26316.0,91.52400212410204,1.0,91.52400212410204,24,91.52400212410204,96.0,243.29500000000002,161.785,5.949060138066633
FAPI,32,48,96.0,2,60.0,1268.0,0.0,1180.0,120.0,176.0,15200.0,69.55796338302048,1.0,69.55796338302048,19,69.55796338302048,96.0,3.9000000000000004,82.42,4.5212676198963315
FAPI,30,48,96.0,71,4400.0,3294.0,4096.0,3164.0,608.0,260.0,95504.0,174.35557739887977,1.0,174.35557739887977,13,174.35557739887977,96.0,286.0,214.11,11.333112530927187
FAPI,34,48,96.0,11,4610.0,2159.0,4516.0,1974.0,188.0,370.0,49648.0,125.71177044832692,1.0,125.71177044832692,23,125.71177044832692,96.0,299.65000000000003,140.335,8.17126507914125
FAPI,28,48,96.0,14,4009.0,1830.0,3964.0,1780.0,90.0,100.0,6844.0,46.67454189429033,1.0,46.67454189429033,18,46.67454189429033,96.0,260.58500000000004,118.95,3.0338452231288713
FAPI,23,48,96.0,30,4595.0,3329.0,4486.0,3238.0,218.0,182.0,29608.0,97.0799624543071,1.0,97.0799624543071,12,97.0799624543071,96.0,298.675,216.38500000000002,6.3101975595299615
FAPI,40,48,96.0,49,836.0,3073.0,804.0,3042.0,64.0,62.0,3132.0,31.574460621325464,1.0,31.574460621325464,28,31.574460621325464,96.0,54.34,199.745,2.052339940386155
FAPI,5,48,96.0,9,4395.0,190.0,4128.0,6.0,534.0,368.0,143744.0,213.9045027099776,1.0,213.9045027099776,11,213.9045027099776,96.0,285.675,12.35,13.903792676148544
FAPI,27,49,98.0,9,94.0,2854.0,0.0,2760.0,188.0,188.0,20408.0,80.59818954070123,1.0,80.59818954070123,21,80.59818954070123,98.0,6.11,185.51000000000002,5.23888232014558
FAPI,46,49,98.0,57,2570.0,683.0,2544.0,660.0,52.0,46.0,1852.0,24.279825147895533,1.0,24.279825147895533,30,24.279825147895533,98.0,167.05,44.395,1.5781886346132097
FAPI,37,49,98.0,24,4270.0,831.0,4186.0,752.0,168.0,158.0,18100.0,75.90394548326596,1.0,75.90394548326596,26,75.90394548326596,98.0,277.55,54.015,4.933756456412287
FAPI,48,49,98.0,53,1556.0,282.0,1516.0,208.0,80.0,148.0,7868.0,50.04460195159979,1.0,50.04460195159979,31,50.04460195159979,98.0,101.14,18.330000000000002,3.252899126853986
FAPI,27,51,102.0,14,98.0,2855.0,0.0,2754.0,196.0,202.0,23408.0,86.31916250630663,1.0,86.31916250630663,21,86.31916250630663,102.0,6.37,185.57500000000002,5.610745562909931
FAPI,46,51,102.0,68,2572.0,685.0,2546.0,660.0,52.0,50.0,2108.0,25.903614421069328,1.0,25.903614421069328,30,25.903614421069328,102.0,167.18,44.525,1.6837349373695063
FAPI,46,52,104.0,76,2571.0,684.0,2544.0,658.0,54.0,52.0,2192.0,26.414679072721466,1.0,26.414679072721466,30,26.414679072721466,104.0,167.115,44.46,1.7169541397268953
FAPI,27,52,104.0,10,98.0,2851.0,0.0,2748.0,196.0,206.0,23608.0,86.68713741396085,1.0,86.68713741396085,21,86.68713741396085,104.0,6.37,185.315,5.634663931907456
FAPI,151,67,134.0,41,2975.0,3304.0,2916.0,3240.0,118.0,128.0,8540.0,52.137955732935794,1.0,52.137955732935794,32,52.137955732935794,134.0,193.375,214.76000000000002,3.388967122640827
FAPI,151,68,136.0,41,2974.0,3305.0,2914.0,3240.0,120.0,130.0,8768.0,52.82935814544293,1.0,52.82935814544293,32,52.82935814544293,136.0,193.31,214.82500000000002,3.4339082794537905
FAPI,46,68,136.0,132,2571.0,684.0,2540.0,656.0,62.0,56.0,2668.0,29.14190756176324,1.0,29.14190756176324,33,29.14190756176324,136.0,167.115,44.46,1.8942239915146106
FAPI,151,70,140.0,46,2973.0,3303.0,2912.0,3240.0,122.0,126.0,8688.0,52.58779602878194,1.0,52.58779602878194,32,52.58779602878194,140.0,193.245,214.695,3.418206741870826
FAPI,46,70,140.0,140,2570.0,683.0,2540.0,656.0,60.0,54.0,2588.0,28.701672171559103,1.0,28.701672171559103,33,28.701672171559103,140.0,167.05,44.395,1.8656086911513419
FAPI,46,71,142.0,147,2570.0,684.0,2540.0,656.0,60.0,56.0,2616.0,28.856518540128786,1.0,28.856518540128786,33,28.856518540128786,142.0,167.05,44.46,1.8756737051083712
FAPI,151,72,144.0,48,2975.0,3307.0,2914.0,3240.0,122.0,134.0,9304.0,54.42017255626804,1.0,54.42017255626804,32,54.42017255626804,144.0,193.375,214.955,3.537311216157423
FAPI,46,73,146.0,147,2572.0,684.0,2542.0,656.0,60.0,56.0,2608.0,28.812361638146328,1.0,28.812361638146328,33,28.812361638146328,146.0,167.18,44.46,1.8728035064795114
FAPI,151,74,148.0,51,2973.0,3306.0,2912.0,3240.0,122.0,132.0,9340.0,54.52535499156888,1.0,54.52535499156888,32,54.52535499156888,148.0,193.245,214.89000000000001,3.5441480744519773
FAPI,46,74,148.0,147,2570.0,683.0,2540.0,656.0,60.0,54.0,2544.0,28.456639830654,1.0,28.456639830654,33,28.456639830654,148.0,167.05,44.395,1.8496815889925102
FAPI,151,75,150.0,49,2974.0,3306.0,2912.0,3240.0,124.0,132.0,9376.0,54.63033491439735,1.0,54.63033491439735,32,54.63033491439735,150.0,193.31,214.89000000000001,3.550971769435828
FAPI,46,76,152.0,153,2573.0,684.0,2542.0,656.0,62.0,56.0,2632.0,28.944630252185583,1.0,28.944630252185583,33,28.944630252185583,152.0,167.245,44.46,1.881400966392063
FAPI,157,76,152.0,106,4103.0,660.0,3922.0,510.0,362.0,300.0,59004.0,137.04581906934771,1.0,137.04581906934771,34,137.04581906934771,152.0,266.695,42.9,8.907978239507601
FAPI,46,77,154.0,163,2572.0,683.0,2542.0,656.0,60.0,54.0,2572.0,28.61281229213077,1.0,28.61281229213077,33,28.61281229213077,154.0,167.18,44.395,1.8598327989885
FAPI,157,77,154.0,166,4110.0,656.0,3932.0,512.0,356.0,288.0,49544.0,125.5800342454553,1.0,125.5800342454553,34,125.5800342454553,154.0,267.15000000000003,42.64,8.162702225954595
FAPI,46,78,156.0,156,2570.0,683.0,2540.0,656.0,60.0,54.0,2504.0,28.2320377409108,1.0,28.2320377409108,33,28.2320377409108,156.0,167.05,44.395,1.835082453159202
FAPI,157,79,158.0,102,4101.0,657.0,3920.0,510.0,362.0,294.0,58284.0,136.20709748884622,1.0,136.20709748884622,34,136.20709748884622,158.0,266.565,42.705,8.853461336775004
FAPI,46,79,158.0,159,2572.0,683.0,2542.0,656.0,60.0,54.0,2548.0,28.47900261589753,1.0,28.47900261589753,33,28.47900261589753,158.0,167.18,44.395,1.8511351700333396
FAPI,157,81,162.0,156,4110.0,656.0,3932.0,512.0,356.0,288.0,50532.0,126.82600351914944,1.0,126.82600351914944,34,126.82600351914944,162.0,267.15000000000003,42.64,8.243690228744713
FAPI,157,82,164.0,91,4102.0,657.0,3922.0,510.0,360.0,294.0,58956.0,136.99006405521374,1.0,136.99006405521374,34,136.99006405521374,164.0,266.63,42.705,8.904354163588893
FAPI,157,84,168.0,97,4104.0,660.0,3924.0,510.0,360.0,300.0,59336.0,137.43083863020485,1.0,137.43083863020485,34,137.43083863020485,168.0,266.76,42.9,8.933004510963315
FAPI,336,111,222.0,97,2946.0,1163.0,2730.0,948.0,432.0,430.0,137132.0,208.92695209607493,1.0,208.92695209607493,35,208.92695209607493,222.0,191.49,75.595,13.58025188624487
FAPI,336,113,226.0,96,2950.0,1163.0,2734.0,952.0,432.0,422.0,137656.0,209.3257406352976,1.0,209.3257406352976,35,209.3257406352976,226.0,191.75,75.595,13.606173141294343
FAPI,336,114,228.0,95,2949.0,1162.0,2732.0,950.0,434.0,424.0,137648.0,209.31965797178825,1.0,209.31965797178825,35,209.31965797178825,228.0,191.685,75.53,13.605777768166236
FAPI,336,115,230.0,95,2947.0,1165.0,2730.0,948.0,434.0,434.0,140032.0,211.12453666518388,1.0,211.12453666518388,35,211.12453666518388,230.0,191.555,75.72500000000001,13.723094883236953
FAPI,336,117,234.0,97,2949.0,1161.0,2732.0,948.0,434.0,426.0,138716.0,210.13013627719064,1.0,210.13013627719064,35,210.13013627719064,234.0,191.685,75.465,13.658458858017392
FAPI,164,117,234.0,104,3769.0,2517.0,3624.0,2390.0,290.0,254.0,54148.0,131.28535225637282,1.0,131.28535225637282,36,131.28535225637282,234.0,244.985,163.60500000000002,8.533547896664233
FAPI,336,118,236.0,97,2947.0,1160.0,2730.0,946.0,434.0,428.0,138644.0,210.0755955842217,1.0,210.0755955842217,35,210.0755955842217,236.0,191.555,75.4,13.65491371297441
FAPI,164,118,236.0,101,3767.0,2517.0,3622.0,2390.0,290.0,254.0,54060.0,131.17862801194303,1.0,131.17862801194303,36,131.17862801194303,236.0,244.85500000000002,163.60500000000002,8.526610820776298
FAPI,164,119,238.0,104,3766.0,2516.0,3622.0,2388.0,288.0,256.0,53960.0,131.05724496752305,1.0,131.05724496752305,36,131.05724496752305,238.0,244.79000000000002,163.54,8.518720922888999
FAPI,164,121,242.0,99,3769.0,2517.0,3624.0,2390.0,290.0,254.0,54252.0,131.411369162805,1.0,131.411369162805,36,131.411369162805,242.0,244.985,163.60500000000002,8.541738995582325
FAPI,164,122,244.0,106,3768.0,2517.0,3624.0,2390.0,288.0,254.0,54080.0,131.2028911450483,1.0,131.2028911450483,36,131.2028911450483,244.0,244.92000000000002,163.60500000000002,8.52818792442814
FAPI,164,123,246.0,95,3767.0,2516.0,3622.0,2388.0,290.0,256.0,54392.0,131.58081672230472,1.0,131.58081672230472,36,131.58081672230472,246.0,244.85500000000002,163.54,8.552753086949807
FAPI,671,124,248.0,105,2457.0,2854.0,2374.0,2800.0,166.0,108.0,11452.0,60.37619412133205,1.0,60.37619412133205,37,60.37619412133205,248.0,159.705,185.51000000000002,3.9244526178865833
FAPI,671,126,252.0,103,2456.0,2853.0,2372.0,2798.0,168.0,110.0,11580.0,60.712671511046985,1.0,60.712671511046985,37,60.712671511046985,252.0,159.64000000000001,185.445,3.946323648218054
FAPI,671,128,256.0,105,2456.0,2856.0,2372.0,2804.0,168.0,104.0,11252.0,59.84666105423103,1.0,59.84666105423103,37,59.84666105423103,256.0,159.64000000000001,185.64000000000001,3.890032968525017
FAPI,671,129,258.0,104,2458.0,2855.0,2374.0,2802.0,168.0,106.0,11380.0,60.18609893298899,1.0,60.18609893298899,37,60.18609893298899,258.0,159.77,185.57500000000002,3.9120964306442847
FAPI,671,131,262.0,41,2456.0,2856.0,2372.0,2804.0,168.0,104.0,11564.0,60.67071388923453,1.0,60.67071388923453,37,60.67071388923453,262.0,159.64000000000001,185.64000000000001,3.9435964028002446
FAPI,671,132,264.0,106,2458.0,2853.0,2374.0,2798.0,168.0,110.0,11532.0,60.58671147596207,1.0,60.58671147596207,37,60.58671147596207,264.0,159.77,185.445,3.9381362459375344
FAPI,353,139,278.0,143,3906.0,481.0,3888.0,456.0,36.0,50.0,1288.0,20.248040236149336,1.0,20.248040236149336,38,20.248040236149336,278.0,253.89000000000001,31.265,1.316122615349707
FAPI,353,140,280.0,144,3906.0,481.0,3888.0,456.0,36.0,50.0,1296.0,20.310825007719227,1.0,20.310825007719227,38,20.310825007719227,280.0,253.89000000000001,31.265,1.3202036255017497
FAPI,353,141,282.0,131,3905.0,481.0,3888.0,458.0,34.0,46.0,1252.0,19.963065333312567,1.0,19.963065333312567,38,19.963065333312567,282.0,253.82500000000002,31.265,1.297599246665317
FAPI,353,143,286.0,143,3906.0,481.0,3888.0,456.0,36.0,50.0,1284.0,20.21657473114541,1.0,20.21657473114541,38,20.21657473114541,286.0,253.89000000000001,31.265,1.3140773575244518
FAPI,353,144,288.0,143,3906.0,481.0,3888.0,456.0,36.0,50.0,1292.0,20.279456919490165,1.0,20.279456919490165,38,20.279456919490165,288.0,253.89000000000001,31.265,1.3181646997668608
FAPI,353,146,292.0,139,3905.0,481.0,3888.0,458.0,34.0,46.0,1252.0,19.963065333312567,1.0,19.963065333312567,38,19.963065333312567,292.0,253.82500000000002,31.265,1.297599246665317
FAPI,452,168,336.0,21,114.0,1739.0,12.0,1616.0,204.0,246.0,28876.0,95.87239578441304,1.0,95.87239578441304,39,95.87239578441304,336.0,7.41,113.03500000000001,6.231705725986848
FAPI,452,170,340.0,26,123.0,1740.0,26.0,1618.0,194.0,244.0,27512.0,93.5806688835277,1.0,93.5806688835277,39,93.5806688835277,340.0,7.995,113.10000000000001,6.0827434774293
FAPI,452,171,342.0,24,121.0,1740.0,24.0,1618.0,194.0,244.0,27624.0,93.77095656940392,1.0,93.77095656940392,39,93.77095656940392,342.0,7.865,113.10000000000001,6.095112177011255
FAPI,452,173,346.0,19,118.0,1741.0,18.0,1620.0,200.0,242.0,27948.0,94.31927003038447,1.0,94.31927003038447,39,94.31927003038447,346.0,7.67,113.165,6.130752551974991
FAPI,452,174,348.0,26,123.0,1741.0,26.0,1620.0,194.0,242.0,27264.0,93.15793437445288,1.0,93.15793437445288,39,93.15793437445288,348.0,7.995,113.165,6.055265734339438
FAPI,452,176,352.0,21,113.0,1739.0,12.0,1618.0,202.0,242.0,27936.0,94.29901897915153,1.0,94.29901897915153,39,94.29901897915153,352.0,7.345000000000001,113.03500000000001,6.129436233644849
FAPI,982,178,356.0,120,378.0,607.0,30.0,410.0,696.0,394.0,195956.0,249.74933845163807,1.0,249.74933845163807,40,249.74933845163807,356.0,24.57,39.455,16.233706999356475
FAPI,982,179,358.0,114,379.0,607.0,30.0,410.0,698.0,394.0,196772.0,250.26880133999296,1.0,250.26880133999296,40,250.26880133999296,358.0,24.635,39.455,16.26747208709954
FAPI,982,180,360.0,122,377.0,606.0,28.0,408.0,698.0,396.0,196892.0,250.34510203017535,1.0,250.34510203017535,40,250.34510203017535,360.0,24.505000000000003,39.39,16.2724316319614
FAPI,982,181,362.0,133,378.0,601.0,30.0,396.0,696.0,410.0,200528.0,252.64608616929567,1.0,252.64608616929567,40,252.64608616929567,362.0,24.57,39.065000000000005,16.42199560100422
FAPI,584,181,362.0,17,77.0,1920.0,0.0,1780.0,154.0,280.0,20624.0,81.02359590054307,1.0,81.02359590054307,41,81.02359590054307,362.0,5.005,124.80000000000001,5.2665337335353
FAPI,982,183,366.0,127,371.0,607.0,22.0,410.0,698.0,394.0,191944.0,247.17943440679187,1.0,247.17943440679187,40,247.17943440679187,366.0,24.115000000000002,39.455,16.06666323644147
FAPI,584,183,366.0,13,76.0,1918.0,0.0,1778.0,152.0,280.0,19900.0,79.58873497585844,1.0,79.58873497585844,41,79.58873497585844,366.0,4.94,124.67,5.173267773430799
FAPI,584,184,368.0,9,75.0,1910.0,0.0,1762.0,150.0,296.0,19928.0,79.64470736885522,1.0,79.64470736885522,41,79.64470736885522,368.0,4.875,124.15,5.17690597897559
FAPI,982,184,368.0,156,369.0,607.0,20.0,410.0,698.0,394.0,190996.0,246.5682765920208,1.0,246.5682765920208,40,246.5682765920208,368.0,23.985,39.455,16.026937978481353
FAPI,584,185,370.0,8,75.0,1906.0,0.0,1756.0,150.0,300.0,19628.0,79.04294051979242,1.0,79.04294051979242,41,79.04294051979242,370.0,4.875,123.89,5.137791133786508
FAPI,584,187,374.0,12,79.0,1904.0,0.0,1754.0,158.0,300.0,19600.0,78.98654169668589,1.0,78.98654169668589,41,78.98654169668589,374.0,5.135,123.76,5.134125210284583
FAPI,584,188,376.0,12,79.0,1903.0,0.0,1752.0,158.0,302.0,19524.0,78.83325578619932,1.0,78.83325578619932,41,78.83325578619932,376.0,5.135,123.69500000000001,5.124161626102956
FAPI,1187,192,384.0,55,1467.0,2694.0,1428.0,2630.0,78.0,128.0,7992.0,50.43741280419581,1.0,50.43741280419581,42,50.43741280419581,384.0,95.355,175.11,3.2784318322727275
FAPI,1187,193,386.0,56,1467.0,2693.0,1428.0,2626.0,78.0,134.0,8140.0,50.90228357879493,1.0,50.90228357879493,42,50.90228357879493,386.0,95.355,175.04500000000002,3.3086484326216703
FAPI,1187,195,390.0,47,1474.0,2692.0,1434.0,2626.0,80.0,132.0,7888.0,50.10816682156454,1.0,50.10816682156454,42,50.10816682156454,390.0,95.81,174.98000000000002,3.257030843401695
FAPI,1187,197,394.0,48,1482.0,2693.0,1440.0,2626.0,84.0,134.0,8180.0,51.02719734595863,1.0,51.02719734595863,42,51.02719734595863,394.0,96.33,175.04500000000002,3.316767827487311
FAPI,1187,198,396.0,49,1486.0,2694.0,1444.0,2628.0,84.0,132.0,8328.0,51.48674326599624,1.0,51.48674326599624,42,51.48674326599624,396.0,96.59,175.11,3.346638312289756
FAPI,1187,200,400.0,48,1489.0,2693.0,1450.0,2628.0,78.0,130.0,8008.0,50.487875460944046,1.0,50.487875460944046,42,50.487875460944046,400.0,96.785,175.04500000000002,3.2817119049613632
