dataset,track_id,tau_ms,fit_r2,fit_nrmse_range,fit_window_over_tau,n_points,tau_source_status,fit_status
FAPI,34,0.4,,,,,provided_tau_fits,
FAPI,39,0.4,,,,,provided_tau_fits,
FAPI,22,2.023905576678646,,,,,provided_tau_fits,
FAPI,27,2.090021752150798,,,,,provided_tau_fits,
FAPI,41,4.873450710076642,,,,,provided_tau_fits,
FAPI,35,6.13642461729479,,,,,provided_tau_fits,
FAPI,13,7.000084842916479,,,,,provided_tau_fits,
FAPI,42,7.880470503528836,,,,,provided_tau_fits,
FAPI,16,10.097600850647437,,,,,provided_tau_fits,
FAPI,23,11.858260719546749,,,,,provided_tau_fits,
FAPI,10,13.974612698215568,,,,,provided_tau_fits,
FAPI,14,16.888347017746614,,,,,provided_tau_fits,
FAPI,8,17.026352908281062,,,,,provided_tau_fits,
FAPI,33,23.135896877903253,,,,,provided_tau_fits,
FAPI,24,28.24594368607305,,,,,provided_tau_fits,
FAPI,4,37.26369038622446,,,,,provided_tau_fits,
FAPI,17,37.72255673129287,,,,,provided_tau_fits,
FAPI,30,41.94092802646466,,,,,provided_tau_fits,
FAPI,18,44.23172817955658,,,,,provided_tau_fits,
FAPI,20,44.30001931586376,,,,,provided_tau_fits,
FAPI,29,44.39875102424975,,,,,provided_tau_fits,
FAPI,32,54.12470746942737,,,,,provided_tau_fits,
FAPI,6,55.36573260784128,,,,,provided_tau_fits,
FAPI,0,61.0955397660129,,,,,provided_tau_fits,
FAPI,2,68.14628974177155,,,,,provided_tau_fits,
FAPI,3,72.6282802477481,,,,,provided_tau_fits,
FAPI,15,81.59330736004856,,,,,provided_tau_fits,
FAPI,31,94.31143105664036,,,,,provided_tau_fits,
FAPI,25,100.0,,,,,provided_tau_fits,
FAPI,28,119.99999999999996,,,,,provided_tau_fits,
FAPI,36,119.99999999999996,,,,,provided_tau_fits,
FAPI,40,119.99999999999996,,,,,provided_tau_fits,
FAPI,38,140.00000000000006,,,,,provided_tau_fits,
FAPI,26,140.00000000000006,,,,,provided_tau_fits,
FAPI,1,140.00000000000006,,,,,provided_tau_fits,
FAPI,9,140.00000000000006,,,,,provided_tau_fits,
FAPI,19,140.00000000000006,,,,,provided_tau_fits,
FAPI,37,159.99999999999991,,,,,provided_tau_fits,
FAPI,7,179.99999999999997,,,,,provided_tau_fits,
FAPI,11,179.99999999999997,,,,,provided_tau_fits,
FAPI,12,179.99999999999997,,,,,provided_tau_fits,
FAPI,21,220.0,,,,,provided_tau_fits,
FAPI,5,319.9999999999999,,,,,provided_tau_fits,
FAPI-TEMPO,571,7.713839214127428,0.8482652265890291,0.0804867981608595,2.852016925593722,72.0,ok,
FAPI-TEMPO,20,8.264775053036965,0.9907072289144848,0.0329118661401317,2.41990857242398,17.0,ok,
FAPI-TEMPO,572,8.331921091650953,0.979543446691712,0.0477308767645311,3.360569512361028,40.0,ok,
FAPI-TEMPO,2,8.714201539225751,0.9968788580376232,0.0190616309965679,2.065593722956204,184.0,qc_fail,
FAPI-TEMPO,681,9.490781102448588,0.9879025612076096,0.0338521645348584,2.528769733590008,58.0,ok,
FAPI-TEMPO,638,9.881975414972816,0.7641019771798387,0.199172762413687,1.2143321042691555,20.0,qc_fail,
FAPI-TEMPO,41,10.31092781611016,0.9951057105266288,0.0206495045233234,3.297472410472819,96.0,ok,
FAPI-TEMPO,4,10.56189649608057,0.9565610221437222,0.062202165916658,2.6510390449660783,25.0,ok,
FAPI-TEMPO,524,10.663401310339022,0.3774184435688409,0.328215895040814,1.1253444985105303,77.0,qc_fail,
FAPI-TEMPO,24,10.82287999135962,0.9818193096950234,0.0410004037464597,1.6631432681846412,12.0,ok,
FAPI-TEMPO,587,11.450701915378536,0.9792375055127074,0.0517216528579415,1.0479706911140307,8.0,qc_fail,
FAPI-TEMPO,89,11.88905298945347,0.9774616844736718,0.0450962023286998,1.8504417483474709,12.0,ok,
FAPI-TEMPO,545,12.717791386398211,0.6942341598792372,0.1413376773176331,3.1452001990518847,75.0,qc_fail,
FAPI-TEMPO,23,12.866893007129343,0.978234901958648,0.0397700131711781,2.0206898421859734,20.0,ok,
FAPI-TEMPO,48,13.169524984982957,0.9851372398999356,0.0332896317454254,2.429852256363779,95.0,ok,
FAPI-TEMPO,92,13.230233865383523,0.970997716700037,0.0434801480620307,1.9651957980900208,17.0,ok,
FAPI-TEMPO,182,13.652542079785054,0.8056494874319045,0.1647784319302858,1.1719429177728566,65.0,qc_fail,
FAPI-TEMPO,547,13.717254782386416,0.8955455190555606,0.0826252751828802,3.061837128951628,75.0,ok,
FAPI-TEMPO,563,14.198398903771617,0.8871047230165959,0.1081370055833424,0.9860266706748948,9.0,qc_fail,
FAPI-TEMPO,562,14.441402563983624,0.9641632965438997,0.0573412648312862,2.7698140691513347,74.0,ok,
FAPI-TEMPO,600,14.499484282227948,0.8821114090815654,0.0881648779511976,3.310462569957313,73.0,ok,
FAPI-TEMPO,30,14.763332840313584,0.9790981822162812,0.0387005268038948,2.70941530836274,98.0,ok,
FAPI-TEMPO,714,14.768220537185362,0.9829711276412392,0.0262053676455336,2.166814879248736,29.0,ok,
FAPI-TEMPO,631,15.21648249330782,0.7938192716772489,0.1282505520300468,0.7886185263432319,8.0,qc_fail,
FAPI-TEMPO,27,15.604819426259413,0.9980536169305746,0.0129002177703458,2.435145128052845,23.0,ok,
FAPI-TEMPO,564,15.767629231158883,0.8199258714991032,0.1692108692431786,3.044211612050451,74.0,ok,
FAPI-TEMPO,619,15.877194618914029,0.936556870812255,0.0775078210918775,3.5270714596701405,72.0,ok,
FAPI-TEMPO,13,15.952597976235747,0.9877688412035108,0.0345776455914305,1.0029714297216583,11.0,qc_fail,
FAPI-TEMPO,150,16.08902080282653,0.2102522470985037,0.2963673853124903,0.7458502383123174,82.0,qc_fail,
FAPI-TEMPO,604,16.14636229439991,0.8592108317561964,0.095446841324605,2.105737464580013,22.0,ok,
FAPI-TEMPO,506,16.178653473833922,0.8152467303821322,0.1497912787838426,3.461351100112873,80.0,ok,
FAPI-TEMPO,678,16.3588551307137,0.8415150244421612,0.1461372399035411,1.222579443377432,23.0,qc_fail,
FAPI-TEMPO,68,16.57297099977779,0.9927962118046068,0.0219403054794032,1.6894979180483345,17.0,ok,
FAPI-TEMPO,682,17.174870187577245,0.8204095187219237,0.1109014675665192,2.3289841240798665,32.0,ok,
FAPI-TEMPO,84,17.34171961991369,0.945377994020126,0.0731431519596003,3.459864495277696,53.0,ok,
FAPI-TEMPO,739,17.344283504109903,0.9871452931935768,0.0347890373094751,1.0378059143080034,12.0,qc_fail,
FAPI-TEMPO,690,17.52608051136153,0.85148762198088,0.1055351315509601,3.3093537349894446,67.0,ok,
FAPI-TEMPO,592,17.929717877918495,0.9731047709177384,0.0403361935928332,2.7886662991824287,73.0,ok,
FAPI-TEMPO,622,18.62338991867026,0.9471184169850576,0.0575134089011332,3.1143631880817804,72.0,ok,
FAPI-TEMPO,655,18.76462092455141,0.9633379792571336,0.0574937067554316,3.090923085161474,70.0,ok,
FAPI-TEMPO,78,18.82505155175559,0.9814141390811728,0.0427766827284261,1.0624140892796037,13.0,qc_fail,
FAPI-TEMPO,17,19.06593975544292,0.9940493627668116,0.0242670371455493,1.2587892497220607,16.0,ok,
FAPI-TEMPO,546,19.2444648057127,0.981588304524483,0.0417193883243382,1.0392598704050746,14.0,qc_fail,
FAPI-TEMPO,669,19.42383417155916,0.9750965318218944,0.0381201871341913,3.191954763019027,70.0,ok,
FAPI-TEMPO,559,20.475495685488884,0.9637439519391136,0.0472107748656742,3.0280097220767064,75.0,ok,
FAPI-TEMPO,574,20.49010945103328,0.966471616995193,0.0476717075750495,2.635417840448719,74.0,ok,
FAPI-TEMPO,663,20.701340507445146,0.9489621422010196,0.0742589065793267,1.06273311103152,13.0,qc_fail,
FAPI-TEMPO,7,21.0902275811634,0.983433665976706,0.0370389643603959,0.9483065046610912,14.0,qc_fail,
FAPI-TEMPO,581,21.18485516887847,0.7412152320537377,0.1108046054045863,2.737804886445704,73.0,ok,
FAPI-TEMPO,617,21.54979754588352,0.9250933309334616,0.0787846674477465,2.598632301800776,72.0,ok,
FAPI-TEMPO,33,22.15731121707251,0.9587803152430354,0.0661279242319745,1.2636912360749628,18.0,ok,
FAPI-TEMPO,595,22.21970802901152,0.9905976131053182,0.0272321369288497,3.1503564272133264,73.0,ok,
FAPI-TEMPO,601,22.423469326108624,0.2280071652992794,0.2380357038394069,1.8730375478114605,73.0,qc_fail,
FAPI-TEMPO,576,22.55947497929734,0.9741888667305976,0.0476194708775806,1.063854545463696,16.0,qc_fail,
FAPI-TEMPO,644,23.37735119572482,0.8986143918187454,0.0711999995209726,3.079904108775469,71.0,ok,
FAPI-TEMPO,717,23.908701186071028,0.9622789684052124,0.0572888207872147,2.844152824144882,64.0,ok,
FAPI-TEMPO,53,24.86764407972943,0.9931206779227908,0.0252818822508039,1.2063868979230787,17.0,qc_fail,
FAPI-TEMPO,539,25.05414639174701,0.9763815102547672,0.0467087495839895,1.117579484137738,17.0,qc_fail,
FAPI-TEMPO,659,25.32620537329593,0.895417542161604,0.0744220258792655,2.369087635341704,70.0,ok,
FAPI-TEMPO,543,26.619369246452024,0.9953903411372718,0.0173755933390777,3.456129976192515,75.0,ok,
FAPI-TEMPO,569,27.102160907720982,0.5001192264666108,0.3546271960979845,3.689742686588196,73.0,qc_fail,
FAPI-TEMPO,575,27.56327037395716,0.9903288098549335,0.0260178261320444,2.4670512271377287,74.0,ok,
FAPI-TEMPO,736,27.88489719974193,0.9278771281202078,0.0435981190597172,2.295149217928345,62.0,ok,
FAPI-TEMPO,549,28.51060626137932,0.9472669431304386,0.0570291791058659,3.507466627795311,75.0,ok,
FAPI-TEMPO,577,28.98776762893965,0.9810097994745228,0.0391935968299877,2.4148116852612063,74.0,ok,
FAPI-TEMPO,734,31.130726082079683,0.992623405023143,0.0236654710750632,0.9636781333304468,20.0,qc_fail,
FAPI-TEMPO,756,31.26548216226847,0.9774173439832884,0.0471101963829333,1.407302781119419,60.0,ok,
FAPI-TEMPO,579,32.77862880829753,0.9436269168597556,0.0675353765539829,3.3558450734264627,74.0,ok,
FAPI-TEMPO,538,32.97481829646276,0.9722192216224186,0.0415962743485267,3.153921852274655,75.0,ok,
FAPI-TEMPO,687,33.117093534908435,0.9797359609163696,0.0359011704489738,3.2007639767139087,66.0,ok,
FAPI-TEMPO,610,33.42777104155173,0.959333015301028,0.0541163158755789,3.171016095217321,72.0,ok,
FAPI-TEMPO,556,33.45689541184286,0.674503064143518,0.1280492248993563,2.988920483177965,75.0,qc_fail,
FAPI-TEMPO,11,34.60364128490878,0.9779611931318964,0.0404554447141871,1.040352941576128,117.0,qc_fail,
FAPI-TEMPO,683,35.083356136605964,0.8903956542638731,0.0783997590277473,3.078382797229392,68.0,ok,
FAPI-TEMPO,616,35.546970094092366,0.9880484688546056,0.0328070257963755,1.237798886474222,72.0,qc_fail,
FAPI-TEMPO,829,35.90001838229393,0.7705654034687146,0.1170835792392605,0.7242336124491605,19.0,qc_fail,
FAPI-TEMPO,561,35.9326247302313,0.8365078813457183,0.0818436616564488,3.1169445828367417,75.0,ok,
FAPI-TEMPO,585,36.14378794586661,0.9771540562125768,0.0445820469528179,2.711392622897657,73.0,ok,
FAPI-TEMPO,801,36.4805286621404,0.8181288166063372,0.0741223605047599,1.535065473382708,49.0,ok,
FAPI-TEMPO,633,37.04379301326104,0.9099077112426696,0.0729176017390009,1.403743941161341,71.0,ok,
FAPI-TEMPO,599,37.243249977706135,0.9233721991091044,0.0689979350646259,2.68505031273748,73.0,ok,
FAPI-TEMPO,840,37.2705604985906,0.9894719253179094,0.0026972215197485,0.8585864975443579,18.0,qc_fail,
FAPI-TEMPO,602,38.2903537921421,0.656722940790176,0.2107195371763447,2.977251153615481,73.0,qc_fail,
FAPI-TEMPO,9,38.368233783916864,0.9925416068722892,0.0252087000775828,1.2510349126396474,28.0,ok,
FAPI-TEMPO,741,39.17473528500466,0.9123056225679654,0.0768332505542993,0.8679063113673304,25.0,qc_fail,
FAPI-TEMPO,723,39.4742233301816,0.8930254716058477,0.0655877689103657,2.0266389874435555,62.0,ok,
FAPI-TEMPO,774,39.90985517775528,0.9220603702121358,0.0810668334841631,1.002258710833282,29.0,qc_fail,
FAPI-TEMPO,686,40.43877531039521,0.7021858442241541,0.1281482392940199,1.829926832155511,41.0,ok,
FAPI-TEMPO,648,40.69874132867619,0.7670529731975159,0.1182821195383452,2.6045031502070746,70.0,ok,
FAPI-TEMPO,737,41.32155347956972,0.9318416360626288,0.0846199272677149,1.161621380564316,62.0,qc_fail,
FAPI-TEMPO,755,42.62663049555982,0.6043446516139412,0.2270291116589245,1.0791376063559976,59.0,qc_fail,
FAPI-TEMPO,537,42.710508002287,0.9706003680449492,0.0408617771728241,2.8564399185668155,75.0,ok,
FAPI-TEMPO,662,43.56148498320956,0.9242537806852896,0.0862946720282791,1.1937150448393343,70.0,qc_fail,
FAPI-TEMPO,69,44.07037553834947,0.9603792548218334,0.0432984759286751,0.6807293932381945,19.0,qc_fail,
FAPI-TEMPO,608,44.69129567449568,0.9815254450413012,0.0388485553357377,1.0740346475878193,43.0,qc_fail,
FAPI-TEMPO,672,45.664351763626605,0.9593116291189584,0.0617467197498662,1.1387438558017586,68.0,qc_fail,
FAPI-TEMPO,597,45.97872498170525,0.9043283556575528,0.0673918949049314,2.044423807693716,72.0,ok,
FAPI-TEMPO,580,46.75241243728776,0.9732661328637264,0.049455879102286,1.069463529118812,74.0,qc_fail,
FAPI-TEMPO,641,46.97889041206737,0.8623851577575206,0.123215346659303,2.852344932471621,71.0,ok,
FAPI-TEMPO,573,48.00559500846232,0.940129943300828,0.0841408310438387,2.7080176795451423,74.0,ok,
FAPI-TEMPO,685,48.145776775986434,0.9436856514098764,0.0621699574388727,0.9969721793738068,66.0,qc_fail,
FAPI-TEMPO,620,48.228525170109215,0.6604627428522882,0.1197015104314821,2.197869406665913,72.0,qc_fail,
FAPI-TEMPO,552,49.40834538927544,0.9487771702113256,0.0488988509837438,2.712092439935987,75.0,ok,
FAPI-TEMPO,611,51.02901608160857,0.8882075603580679,0.1004885034561653,1.0582214619549015,72.0,qc_fail,
FAPI-TEMPO,305,58.11532819020593,0.1087324493441711,0.2440396681692063,0.3097289572397787,12.0,qc_fail,
FAPI-TEMPO,520,58.48704173846382,0.4395684961212455,0.2254294454936893,0.7864990027312023,79.0,qc_fail,
FAPI-TEMPO,647,59.06966617263721,0.9262337953927948,0.0758053765415479,1.76063293968937,71.0,ok,
FAPI-TEMPO,650,59.64442821276305,0.4328894407832747,0.1651547656596521,1.3748140850221644,71.0,qc_fail,
FAPI-TEMPO,718,64.00502551192781,0.971225044826573,0.0470094000802651,1.0624165752004535,51.0,qc_fail,
FAPI-TEMPO,629,65.05873719321117,0.5509445374690957,0.1763189464104803,0.7992777333745444,44.0,qc_fail,
FAPI-TEMPO,765,65.4150453257317,0.9548369335164072,0.0583835754651784,1.0700902162711603,58.0,qc_fail,
FAPI-TEMPO,753,65.85525358976287,0.77108796201693,0.1127374515086339,0.6985015999870153,61.0,qc_fail,
FAPI-TEMPO,627,68.53732258684182,0.604067352617713,0.2206444228013092,0.8170730616014928,50.0,qc_fail,
FAPI-TEMPO,715,71.24022488020685,0.6582770532832702,0.245337410802623,1.0948870547666008,64.0,qc_fail,
FAPI-TEMPO,130,79.60918116982913,0.6986111420779345,0.1001048288978239,2.0851866274804984,86.0,qc_fail,
FAPI-TEMPO,824,80.20053336620948,0.9565344396795056,0.0608806834956791,1.0224370906060418,44.0,qc_fail,
FAPI-TEMPO,767,86.08974852158168,0.8880043265441437,0.0837114830554876,0.9292627911434188,44.0,qc_fail,
FAPI-TEMPO,471,87.20065196507494,0.0709887423664343,0.2602140009262143,0.4357765583589847,20.0,qc_fail,
FAPI-TEMPO,658,99.57413467568216,0.7653320653762905,0.1813553051627422,1.225217777662442,70.0,qc_fail,
FAPI-TEMPO,812,104.1185670105966,0.8813416414495938,0.0844940364259242,0.8259814024452278,47.0,qc_fail,
FAPI-TEMPO,109,114.20073760618584,0.7391148576112245,0.105734337800075,2.0840495866211324,161.0,ok,
FAPI-TEMPO,21,118.57339945465527,0.5866595064920621,0.1683451873266922,0.9951641813653612,170.0,qc_fail,
FAPI-TEMPO,85,125.47912410148244,0.5211512400968887,0.1486761544808454,2.0242410984202848,163.0,qc_fail,
FAPI-TEMPO,664,125.83167495101908,0.9541809293578624,0.0578496837029871,1.0013377001382715,70.0,qc_fail,
FAPI-TEMPO,36,128.94838948686217,0.5748293431156399,0.0129304437085814,0.8840746321350126,97.0,qc_fail,
FAPI-TEMPO,652,129.67886107233335,0.9635788455853704,0.0474606074283133,0.9562082746148908,71.0,qc_fail,
FAPI-TEMPO,35,136.87011554475328,0.9888174079075144,0.0047848360643699,0.102286755178652,9.0,qc_fail,
FAPI-TEMPO,697,144.1563321262335,0.8862271000311255,0.082666814492187,0.8740510953737742,66.0,qc_fail,
FAPI-TEMPO,71,144.35695900964868,0.5328043606562738,0.1599912713679918,0.7204363455249063,92.0,qc_fail,
FAPI-TEMPO,666,144.36687837059574,0.7034361245616954,0.140524639855189,0.8450691832985469,68.0,qc_fail,
FAPI-TEMPO,269,158.41265701306193,0.0879206622608774,0.7322322559175802,1.073146573041715,135.0,qc_fail,
FAPI-TEMPO,763,163.97970948252944,0.7251939557076874,0.0731315248400283,0.3415056666261888,40.0,qc_fail,
FAPI-TEMPO,132,178.80322915038423,0.2724223036069064,0.0964749005194496,1.2192173543837337,157.0,qc_fail,
FAPI-TEMPO,149,181.33173698747868,0.514837773513686,0.0869459515055926,0.9154492355161338,86.0,qc_fail,
FAPI-TEMPO,148,190.56552155136205,0.2848989937933672,0.1846559675425506,0.4512883511135088,84.0,qc_fail,
FAPI-TEMPO,97,193.7387246020695,0.1342185928665992,0.164424633474335,0.2167868095873248,53.0,qc_fail,
FAPI-TEMPO,26,202.7945661054383,0.5302946500568285,0.1099438374458916,0.96649532462371,101.0,qc_fail,
FAPI-TEMPO,58,213.0449055649849,0.4094567816790285,0.1170280497296629,0.8918307597927727,98.0,qc_fail,
FAPI-TEMPO,106,218.3525137031659,0.3735035261260231,0.1143461075165462,0.8151955614395987,93.0,qc_fail,
FAPI-TEMPO,91,219.28957784699816,0.5204725883014373,0.0866350529178935,0.8208324434168451,93.0,qc_fail,
FAPI-TEMPO,891,223.3816596840909,0.6443809811251544,0.0202657392931592,0.0626730055627618,10.0,qc_fail,
FAPI-TEMPO,81,234.46059535486012,0.3957450966261487,0.1148074963097717,0.9383239843225092,164.0,qc_fail,
FAPI-TEMPO,166,239.204136988061,0.5997690717838153,0.2204732927410181,1.0952987824498903,154.0,qc_fail,
FAPI-TEMPO,191,244.43984881532336,0.1841841069049165,0.4362162976942094,0.9491087526210924,150.0,qc_fail,
FAPI-TEMPO,123,247.361526532206,0.335426052739434,0.3308805611110312,1.08343445222516,159.0,qc_fail,
FAPI-TEMPO,192,252.30983525570835,0.4976740768473555,0.1223406719056415,0.6499944793423965,92.0,qc_fail,
FAPI-TEMPO,223,253.0509755468368,0.3772529251487814,0.2523627714084597,0.8140652275883907,147.0,qc_fail,
FAPI-TEMPO,178,255.7111641437237,0.7136956619589595,0.1571351942555036,1.0167721885379462,151.0,qc_fail,
FAPI-TEMPO,153,259.0292008304469,0.584489342241962,0.1872067826412519,0.9805844251755274,155.0,qc_fail,
FAPI-TEMPO,174,262.85955888957665,0.6785314459575574,0.1914714168068169,1.0880334776797838,151.0,qc_fail,
FAPI-TEMPO,198,264.62636707680497,0.2823697092297991,0.3826339224948567,0.9598438840611798,151.0,qc_fail,
FAPI-TEMPO,135,266.18994475315725,0.6464049967952323,0.1925708185973753,1.0518804542359743,158.0,qc_fail,
FAPI-TEMPO,88,267.1498522166435,0.3875536585611394,0.0962019047656279,0.6812655836785124,95.0,qc_fail,
FAPI-TEMPO,56,275.7130105853573,0.401744931740018,0.2274644811643859,0.7253919558434566,166.0,qc_fail,
FAPI-TEMPO,170,277.162630076949,0.6359310998441028,0.1811815922395321,0.9164294621157322,153.0,qc_fail,
FAPI-TEMPO,86,277.34698871465514,0.5327687906757056,0.0901425565620404,0.6706400558448598,95.0,qc_fail,
FAPI-TEMPO,100,279.2128629414303,0.3620735484829456,0.0130888748067822,0.3581496889023223,68.0,qc_fail,
FAPI-TEMPO,80,285.0913724861149,0.3772945609221217,0.1080794394867113,0.6454071142014707,94.0,qc_fail,
FAPI-TEMPO,45,287.1550678790398,0.4650917214352943,0.1425178115245554,0.647733649187588,96.0,qc_fail,
FAPI-TEMPO,145,290.69221790812986,0.4359876572911583,0.1965884858522468,0.7292936891313696,156.0,qc_fail,
FAPI-TEMPO,118,291.2089649304917,0.54813364064514,0.1901868187455532,0.858490053902263,160.0,qc_fail,
FAPI-TEMPO,160,295.00054228513704,0.6956060286156889,0.1508626880734381,0.9220322033750517,155.0,qc_fail,
FAPI-TEMPO,208,295.18286977592805,0.2684962030767653,0.1230404810020534,0.2574675151633672,66.0,qc_fail,
FAPI-TEMPO,318,306.0641304749972,0.1057044169227507,0.2107166952813943,0.3855401148016578,126.0,qc_fail,
FAPI-TEMPO,72,307.50408926941776,0.4511986486707559,0.1979925044794402,0.754461511556468,165.0,qc_fail,
FAPI-TEMPO,55,310.2940555371187,0.4632723176523977,0.1956152839805501,0.6832228855722944,167.0,qc_fail,
FAPI-TEMPO,131,314.11906538257404,0.646347368413587,0.1338818499904964,0.7958765562208658,158.0,qc_fail,
FAPI-TEMPO,138,314.76311574655546,0.7460312543993772,0.1247275180698813,0.9403897254541624,157.0,qc_fail,
FAPI-TEMPO,22,316.5866774930907,0.2860324405660058,0.1164150772733829,0.6380559080993183,104.0,qc_fail,
FAPI-TEMPO,103,316.8804590259772,0.303523871514887,0.1139337299828676,0.5743490796479818,95.0,qc_fail,
FAPI-TEMPO,76,318.0964334799235,0.2390562697256065,0.1066301717124203,0.5847283415447011,96.0,qc_fail,
FAPI-TEMPO,163,320.7654941560661,0.7721673218605826,0.1256774829149368,0.9414977779781516,154.0,qc_fail,
FAPI-TEMPO,108,322.9822672226109,0.2596288082797954,0.1140286889174849,0.5449215571909232,91.0,qc_fail,
FAPI-TEMPO,114,323.6963175415848,0.4506278007030756,0.1794144580506101,0.6920066366563563,160.0,qc_fail,
FAPI-TEMPO,77,324.82238692943287,0.5137499225005868,0.1685408201810049,0.8065946515469671,164.0,qc_fail,
FAPI-TEMPO,60,325.02439113349965,0.5903937107811039,0.1420403910467522,0.7445595056913792,166.0,qc_fail,
FAPI-TEMPO,137,336.0289776003392,0.6825753096348162,0.1687917905018462,0.904683882238176,158.0,qc_fail,
FAPI-TEMPO,124,336.6407949752122,0.3817368854594092,0.1998973825315709,0.6475745163804403,159.0,qc_fail,
FAPI-TEMPO,46,336.7916482702739,0.508543206192426,0.0166840079691637,0.5760237850206896,111.0,qc_fail,
FAPI-TEMPO,113,339.5329394374173,0.3044259789982433,0.2174294500232974,0.6361680264598101,160.0,qc_fail,
FAPI-TEMPO,157,354.3218290735479,0.2187540261219247,0.2306565037382942,0.5757477616702383,154.0,qc_fail,
FAPI-TEMPO,102,359.8526010814012,0.1468649046549851,0.2007515058063211,0.300122882745454,159.0,qc_fail,
FAPI-TEMPO,362,364.61409256113615,0.2060379332481996,0.1249506608112571,0.2413510662242017,45.0,qc_fail,
FAPI-TEMPO,167,376.0453160419517,0.6029302234141876,0.1250004149415483,0.6648134927762535,153.0,qc_fail,
FAPI-TEMPO,120,376.8760938601935,0.3669657933132558,0.1694636451133735,0.5465987452003737,159.0,qc_fail,
FAPI-TEMPO,95,378.1028476936315,0.4192425731770117,0.1606463113045849,0.5977209676641285,163.0,qc_fail,
FAPI-TEMPO,119,378.8210305208726,0.5799984379349636,0.1189275773924742,0.5437924069758044,160.0,qc_fail,
FAPI-TEMPO,16,380.7906950521551,0.7294717220345973,0.1082683421794932,0.8035910645297902,174.0,qc_fail,
FAPI-TEMPO,82,389.6610612262483,0.1368257584947592,0.3364205165757501,0.4619399214115646,163.0,qc_fail,
FAPI-TEMPO,112,392.4133087813923,0.565463433838949,0.1312541337286712,0.5912133834615783,140.0,qc_fail,
FAPI-TEMPO,66,403.9806478931472,0.5919008586782277,0.0099531569859442,0.4653688264040954,166.0,qc_fail,
FAPI-TEMPO,40,410.450963739566,0.7388606641980452,0.1146245732001908,0.7114126309745396,169.0,qc_fail,
FAPI-TEMPO,104,411.0095004806207,0.2415504512399313,0.1277535305713696,0.4330800134591847,92.0,qc_fail,
FAPI-TEMPO,25,411.48200385891454,0.3796652318551521,0.1221706555599071,0.4763270280641551,101.0,qc_fail,
FAPI-TEMPO,151,415.927904042822,0.639821835801949,0.0916776331516077,0.3991076299197021,153.0,qc_fail,
FAPI-TEMPO,75,419.3100067163348,0.1906824953582113,0.104413855710762,0.4435858840016424,96.0,qc_fail,
FAPI-TEMPO,62,433.6111463366979,0.5799366989147938,0.1062018780960313,0.521204313840474,166.0,qc_fail,
FAPI-TEMPO,256,442.52738910641057,0.5825257053455455,0.1025833022941773,0.3977154958824003,93.0,qc_fail,
FAPI-TEMPO,107,446.9870980136106,0.446505892972315,0.1736328264038215,0.657737105403091,161.0,qc_fail,
FAPI-TEMPO,99,453.192177199598,0.1391366921816379,0.2138878942644672,0.4280744676547168,163.0,qc_fail,
FAPI-TEMPO,51,454.7252978505434,0.4554561515643905,0.134217579406141,0.4970033580016048,168.0,qc_fail,
FAPI-TEMPO,54,461.1689811039788,0.7056996891675686,0.085257440136299,0.6244999377680721,167.0,qc_fail,
FAPI-TEMPO,133,474.34047195783967,0.6194235928942344,0.0895063868398388,0.5649950106383087,158.0,qc_fail,
FAPI-TEMPO,59,475.7979852755344,0.3123405701473076,0.1445419179542328,0.3867187455479571,95.0,qc_fail,
FAPI-TEMPO,47,477.04982275173234,0.6158063969869223,0.0929030022197782,0.5827483561285748,168.0,qc_fail,
FAPI-TEMPO,31,490.4203780274082,0.2701162426760213,0.177198829895444,0.4608291378694902,169.0,qc_fail,
FAPI-TEMPO,209,494.2408007104583,0.1346638834270641,0.1865867396897332,0.3277754482574673,149.0,qc_fail,
FAPI-TEMPO,38,496.52832683536366,0.2995675477319771,0.1573754180865391,0.3826569195175026,98.0,qc_fail,
FAPI-TEMPO,93,499.5394133870743,0.2550517836262006,0.1508995888187891,0.3523245519440609,91.0,qc_fail,
FAPI-TEMPO,282,499.8419963609716,0.1747109063296099,0.1585899773206079,0.2640834522929389,68.0,qc_fail,
FAPI-TEMPO,79,511.5054844900289,0.3197313488798913,0.1435501958174144,0.3519023851317255,93.0,qc_fail,
FAPI-TEMPO,49,512.6677485340969,0.2420960807328339,0.1700889781820703,0.3940173739767935,168.0,qc_fail,
FAPI-TEMPO,164,515.8458002770299,0.1006700147683038,0.1900394134453245,0.3373101029543228,150.0,qc_fail,
FAPI-TEMPO,101,520.184546735351,0.5239854861881665,0.0962743761685502,0.4805986674709696,163.0,qc_fail,
FAPI-TEMPO,188,536.5734395431979,0.5097541758889178,0.1284418572731203,0.4174638241331855,150.0,qc_fail,
FAPI-TEMPO,32,557.3509984429019,0.2853424351700238,0.1335859888978459,0.3444866888843827,100.0,qc_fail,
FAPI-TEMPO,39,619.5125755509824,0.3058511666665874,0.1248108202720616,0.3099210695266983,99.0,qc_fail,
FAPI-TEMPO,110,623.614156928902,0.1819739320838982,0.1632027871639708,0.3271253510417948,161.0,qc_fail,
FAPI-TEMPO,96,635.5942884860283,0.082687782288104,0.2245566319078648,0.2894928468257384,162.0,qc_fail,
FAPI-TEMPO,162,637.0701500268121,0.1371699181179797,0.1672179728909549,0.2794040813127229,155.0,qc_fail,
FAPI-TEMPO,232,642.313949866763,0.1566826918010861,0.1459189803747539,0.2335306590042376,76.0,qc_fail,
FAPI-TEMPO,8,646.7686522794231,0.2438219656851283,0.1499253499952973,0.3710754984091482,178.0,qc_fail,
FAPI-TEMPO,50,703.1840327350925,0.1037743702232855,0.1743192152770042,0.2872647708087231,168.0,qc_fail,
FAPI-TEMPO,215,737.9239375844073,0.1727369069054489,0.112993047122311,0.2303760473694547,149.0,qc_fail,
FAPI-TEMPO,246,739.3907453239175,0.1655873020660289,0.1198688394676198,0.2001647991078967,74.0,qc_fail,
FAPI-TEMPO,127,778.4079105352521,0.1917849381667631,0.1365508819045435,0.2132557978320831,86.0,qc_fail,
FAPI-TEMPO,134,792.6492864081916,0.1614158477453967,0.1235890752922752,0.2573647683761944,158.0,qc_fail,
FAPI-TEMPO,139,852.6667567118074,0.2492675459614305,0.0378390179225496,0.1970289080435937,86.0,qc_fail,
FAPI-TEMPO,29,921.0396036047648,0.219039264697443,0.1125014749959281,0.2106315507397541,100.0,qc_fail,
FAPI-TEMPO,44,944.2348814031131,0.1428936984217784,0.1399732412267541,0.2287566412278992,168.0,qc_fail,
FAPI-TEMPO,143,1058.7423699379042,0.2060470096475263,0.0960516594632062,0.1605678631808894,87.0,qc_fail,
FAPI-TEMPO,367,1135.221290166679,0.0132331089889758,0.1197690537435827,0.0264265656923992,24.0,qc_fail,
FAPI-TEMPO,147,1430.1100669916486,0.1426716431754571,0.0840529676570087,0.1160749818013618,91.0,qc_fail,
FAPI-TEMPO,321,2282.0819596305555,-0.0104519775616691,0.1447848099288358,0.047325206504627,54.0,qc_fail,
FAPI-TEMPO,105,2529.222866402621,0.0357507993458902,0.0867939257825902,0.0727496190407719,112.0,qc_fail,
FAPI-TEMPO,413,5102.268875356453,0.0038486033700338,0.0798957592004621,0.012543439313658,106.0,qc_fail,
FAPI-TEMPO,338,7228.299246054421,0.0603084009520544,0.0043475641029479,0.0024902123428032,20.0,qc_fail,
FAPI-TEMPO,201,10266.008223577235,-0.0037763830399233,0.0857367904680784,0.0151957797619648,81.0,qc_fail,
FAPI-TEMPO,336,933571.455733871,-5.248508826216636e-05,0.0013630756615679,2.142310572711138e-05,26.0,qc_fail,
