track_id,n_points,t_nuc_ms,t_end_ms,R0_px,R_end_px,R_max_px
0,1,0.0,0.0,79.43661110412167,79.43661110412167,79.43661110412167
1,20,0.0,38.0,14.884343478431232,15.67594437773643,16.273715780512877
2,184,0.0,366.0,74.42171739215615,80.34503402082343,97.13240976361884
3,1,0.0,0.0,114.61244427649501,114.61244427649501,114.61244427649501
4,25,2.0,50.0,21.43920417481474,31.594616678674353,31.594616678674353
5,12,4.0,26.0,68.96049375973053,77.82544901447835,77.82544901447835
6,5,4.0,12.0,38.381481905452574,45.95981293168669,45.95981293168669
7,14,10.0,36.0,23.615226456547084,45.29005306431366,45.98750791035654
8,178,12.0,366.0,104.87250920723855,178.594299559534,178.70120598782376
9,28,12.0,68.0,56.24944682987451,77.57965795208892,77.57965795208892
10,1,12.0,12.0,111.40708721656073,111.40708721656073,111.40708721656073
11,117,12.0,244.0,70.57558429799896,56.09077388519958,84.2892440328077
12,8,14.0,28.0,28.07374713484229,34.595450164018,34.595450164018
13,11,16.0,36.0,24.977737626138797,47.09546991939515,47.09546991939515
14,175,18.0,366.0,109.01567736136857,99.82170443895147,115.54183929013845
15,175,18.0,366.0,100.8811363985763,84.56823589727652,117.81164745965489
16,174,20.0,366.0,55.440060073837245,89.06336151134238,89.06336151134238
17,16,22.0,52.0,67.99362313433059,89.51254914825283,89.51254914825283
18,8,22.0,36.0,22.847936741452536,36.823906842470535,37.23651251415192
19,3,22.0,26.0,121.27320388789876,121.82837671485979,121.82837671485979
20,17,22.0,54.0,36.24890633062862,49.63585920544279,49.63585920544279
21,170,24.0,362.0,29.42452872043851,104.464999583234,106.33738945823796
22,104,24.0,232.0,19.511499785403828,33.49214891450948,33.49214891450948
23,20,24.0,62.0,24.77299861870477,37.55994429663814,37.55994429663814
24,12,24.0,46.0,22.65205369339104,41.53600345623234,41.53600345623234
25,101,26.0,226.0,17.371176474327626,32.54743156102575,32.54743156102575
26,101,26.0,226.0,16.622063085174787,42.47564519686223,42.47564519686223
27,23,26.0,72.0,19.21560480373171,44.30954048488453,44.30954048488453
28,171,26.0,366.0,109.32474379768276,98.77024547788072,115.26049370780383
29,100,28.0,226.0,15.635280380893438,28.479002615897535,28.479002615897535
30,98,28.0,222.0,16.351767622932517,31.534109856442154,31.534109856442154
31,169,28.0,366.0,21.468877828012552,117.72515637892458,117.72515637892458
32,100,28.0,226.0,44.12236693447059,66.23883657762545,66.23883657762545
33,18,28.0,62.0,112.70807840533313,123.1433432134916,123.21053157858441
34,3,28.0,32.0,60.81743892548952,60.995130541020615,60.995130541020615
35,9,28.0,46.0,25.977239243415305,145.12728395794176,145.12728395794176
36,97,28.0,220.0,22.42609239636699,106.29547365706516,147.61511294104534
37,2,28.0,30.0,21.76338922689847,23.12489154112443,23.12489154112443
38,98,30.0,224.0,24.54062559633988,35.21555503711461,35.21555503711461
39,99,30.0,226.0,14.712264360219255,28.00563442518059,28.00563442518059
40,169,30.0,366.0,110.77097766388434,136.16502579749854,138.16080216425192
41,96,30.0,220.0,18.26441241104166,30.612159429303247,30.943111311580196
42,15,30.0,58.0,23.42576026046658,30.46623751157884,30.46623751157884
43,13,32.0,56.0,30.066594033278285,36.45904667847899,36.45904667847899
44,168,32.0,366.0,112.3969873389064,131.7500463505591,162.15715549389296
45,96,32.0,222.0,29.747293718772774,42.38562253431362,42.38562253431362
46,111,32.0,252.0,20.216574731145414,149.58580066027574,155.0279640788104
47,168,32.0,366.0,69.63114379608811,179.84466674023818,181.94217466978208
48,95,32.0,220.0,18.229523339239496,31.35188875547286,32.390575556198044
49,168,32.0,366.0,22.197831060995757,163.25271866157829,163.25271866157829
50,168,32.0,366.0,19.44613444328572,160.4878897314299,160.4878897314299
51,168,32.0,366.0,25.079480359432697,105.26029887039742,105.85736267834262
52,55,34.0,142.0,28.209479177387816,36.371635747926355,37.3048364477789
53,17,34.0,68.0,30.90193616185517,44.48161701780234,44.48161701780234
54,167,34.0,366.0,93.71662808479162,144.6219416318441,144.6219416318441
55,167,34.0,366.0,25.2313252202016,158.64866630490374,158.64866630490374
56,166,34.0,366.0,29.554057719513263,134.32926273893833,134.32926273893833
57,11,36.0,56.0,29.683021493047715,33.511151553720346,33.70058862844632
58,98,36.0,230.0,24.04268606686374,44.581688273680136,44.581688273680136
59,95,36.0,224.0,15.716503163191918,37.116642997494345,37.116642997494345
60,166,36.0,366.0,16.42944866646031,80.11492086378139,80.11492086378139
61,166,36.0,366.0,82.47209011523377,61.54581744998688,88.35288138352524
62,166,36.0,366.0,49.327079479621496,109.3422120000468,109.3422120000468
63,166,36.0,366.0,142.78790155277218,142.5380069151347,149.61558888026642
64,166,36.0,366.0,111.6126144559334,94.15713966551309,118.0275978699364
65,166,36.0,366.0,147.58060730407533,136.53854186277314,152.1011588642174
66,166,36.0,366.0,22.98683125324351,133.07700337669684,133.64506849691412
67,3,36.0,42.0,58.16354073095385,59.11888488713248,59.11888488713248
68,17,36.0,70.0,20.775663783985824,38.95768906550174,38.95768906550174
69,19,36.0,72.0,27.128075067297424,38.33168969174693,38.33168969174693
70,3,36.0,40.0,69.6128559050843,72.76952154957144,72.76952154957144
71,92,38.0,220.0,19.413369239820483,33.12902786925252,33.12902786925252
72,165,38.0,366.0,96.90931266894096,157.39574905921717,157.39574905921717
73,2,38.0,40.0,29.35954992478095,33.64386950500135,33.64386950500135
74,4,38.0,46.0,52.829358145442924,54.74674317533942,54.74674317533942
75,96,38.0,228.0,16.622063085174787,30.52886088189566,30.52886088189566
76,96,38.0,228.0,28.43425945768288,55.61203875206977,55.61203875206977
77,164,40.0,366.0,45.98750791035654,79.28419535038176,79.28419535038176
78,13,40.0,64.0,41.917425633434654,52.76907128551535,52.76907128551535
79,93,40.0,224.0,17.625846048215095,42.37060016186435,42.37060016186435
80,94,40.0,226.0,30.23550881198871,61.83476653824848,61.83476653824848
81,164,40.0,366.0,109.92289697572883,162.4787639063606,162.4787639063606
82,163,40.0,366.0,74.36181374055377,166.62611293700323,177.84057549170674
83,1,40.0,40.0,49.443097858968265,49.443097858968265,49.443097858968265
84,53,40.0,144.0,21.616635097022034,40.48035689163516,40.48035689163516
85,163,40.0,366.0,27.685559519911603,120.56244291941258,120.56244291941258
86,95,40.0,228.0,20.83685880248485,33.12902786925252,33.12902786925252
87,92,40.0,222.0,28.14169498849121,36.09049811604256,36.09049811604256
88,95,42.0,230.0,14.317526556719258,29.25093116572581,30.424416987387996
89,12,42.0,68.0,31.372187811504013,42.505610382385946,42.505610382385946
90,96,42.0,242.0,125.34662333717613,103.48535070611422,128.31313476402323
91,93,42.0,226.0,20.404639941160397,38.2152555638613,38.2152555638613
92,17,42.0,74.0,102.21645515325184,118.68381980457616,125.64085273360153
93,91,42.0,222.0,17.769732893161912,36.92749046999213,36.92749046999213
94,3,42.0,46.0,50.33633572304378,48.821147341538634,50.33633572304378
95,163,42.0,366.0,109.41205692061547,132.11677001340271,132.11677001340271
96,162,42.0,366.0,21.880083839428522,160.72175921009259,160.72175921009259
97,53,42.0,150.0,19.867165345562018,135.58404237551807,137.851732688321
98,2,42.0,44.0,20.71428798138497,21.049640414216977,21.049640414216977
99,163,42.0,366.0,25.003212122944625,180.32897152852632,192.54328298866656
100,68,42.0,180.0,21.996159369293583,145.18429895512332,148.9375014842669
101,163,42.0,366.0,95.9918464519168,169.27191945127845,169.47488796318999
102,159,42.0,366.0,31.14817062185505,149.42824999316744,149.700665418974
103,95,44.0,232.0,20.71428798138497,37.03078435139837,37.03078435139837
104,92,44.0,226.0,21.468877828012552,46.056672497356786,46.056672497356786
105,112,44.0,272.0,26.414679072721462,193.5589667358042,194.8701347608869
106,93,46.0,230.0,22.025082668269306,45.16336735304101,45.16336735304101
107,161,46.0,366.0,144.25611640118245,163.21761851740703,163.21761851740703
108,91,46.0,226.0,26.582850624566497,41.962963317296,41.962963317296
109,161,46.0,366.0,112.62897311170171,190.04732612037026,197.48892053562778
110,161,46.0,366.0,32.173649930800316,174.84780441468516,174.84780441468516
111,87,46.0,220.0,17.26088217525478,26.123866405607867,26.123866405607867
112,140,46.0,324.0,106.86292844915712,58.447426791300586,125.80795197682382
113,160,48.0,366.0,19.47884453275087,122.88976458641201,122.88976458641201
114,160,48.0,366.0,92.50644831667158,156.6497550131528,160.2576514767796
115,35,48.0,120.0,24.462677409178383,27.128075067297424,27.777385840094972
116,60,48.0,170.0,16.66031874701878,23.642169108157916,24.64417299969047
117,79,48.0,212.0,32.80072278626208,35.61104585035691,37.813331098140345
118,160,48.0,366.0,59.28019183056891,115.6740004306146,115.6740004306146
119,160,48.0,366.0,136.51522704917784,134.7220461179229,161.5396065036286
120,159,50.0,366.0,19.347672370394786,95.45314128997968,95.45314128997968
121,5,50.0,58.0,13.110581167104948,17.625846048215095,17.625846048215095
122,2,50.0,52.0,26.366433043273013,27.29185104880338,27.29185104880338
123,159,50.0,366.0,148.22625133204298,171.3688130883695,171.3688130883695
124,159,50.0,366.0,88.29521919341613,140.62701237254012,142.82802241068376
125,3,50.0,56.0,186.10048053764172,186.71521623690313,187.887837864315
126,8,50.0,64.0,25.25654394235911,26.26967516446403,26.26967516446403
127,86,52.0,222.0,23.803184606416586,34.318312587888485,34.318312587888485
128,75,52.0,212.0,23.26213245840639,25.003212122944625,26.749964937194992
129,2,52.0,54.0,18.712051592547777,19.21560480373171,19.21560480373171
130,86,52.0,222.0,17.075475271404667,36.97917347704738,36.97917347704738
131,158,52.0,366.0,104.3552481963406,132.82801049249798,132.82801049249798
132,157,52.0,366.0,33.851375012865375,165.17174009206397,165.17174009206397
133,158,52.0,366.0,100.88744679400352,153.36827360780129,153.36827360780129
134,158,52.0,366.0,111.51560712935358,166.90097291422808,166.90097291422808
135,158,52.0,366.0,35.75377606511099,82.65714365406588,82.65714365406588
136,2,52.0,54.0,79.99563708002411,81.37640242826897,81.37640242826897
137,158,52.0,366.0,153.9896531626319,170.6428679672642,170.6428679672642
138,157,54.0,366.0,152.54000354017006,187.31773907938248,187.31773907938248
139,86,54.0,224.0,27.891743614073043,119.25638647339508,119.25638647339508
140,5,54.0,62.0,42.129513709047444,45.64011278674415,45.64011278674415
141,6,54.0,64.0,173.87294139742303,179.05354432803446,179.89067866064906
142,6,54.0,64.0,90.9728368293446,90.91683630890748,95.63970351991588
143,87,54.0,226.0,20.248040236149336,32.390575556198044,32.390575556198044
144,3,54.0,60.0,137.36133667604716,150.0447320968222,150.0447320968222
145,156,56.0,366.0,152.7401983047763,191.87423338222678,191.87423338222678
146,5,56.0,64.0,116.56763024705296,117.74678510524687,119.28841164153448
147,91,56.0,236.0,22.903595622322865,104.10482700041197,104.10482700041197
148,84,56.0,222.0,18.47236308621676,34.76067214473376,34.76067214473376
149,86,56.0,226.0,38.64595691627193,61.74203751850985,61.74203751850985
150,82,58.0,222.0,36.44158126589425,111.40137271386574,111.40137271386574
151,153,58.0,366.0,140.69942587495626,151.14385171629803,157.48066501114192
152,3,58.0,62.0,135.5699554777978,138.09627765093188,138.09627765093188
153,155,58.0,366.0,158.41173626718862,188.14517220148647,188.14517220148647
154,54,58.0,170.0,95.97194833186501,134.13481280656632,135.3819901111764
155,1,58.0,58.0,92.92529576167016,92.92529576167016,92.92529576167016
156,30,58.0,118.0,34.16958680642984,42.714778093834084,95.31297997484596
157,154,58.0,366.0,28.61281229213077,142.34582577271235,145.88419719163636
158,2,58.0,60.0,154.36128024920575,153.0441591990627,154.36128024920575
159,7,58.0,72.0,16.774562271083887,23.722813466638858,23.722813466638858
160,155,58.0,366.0,46.810738687711556,111.77220769467434,111.77220769467434
161,1,58.0,58.0,180.01449845235973,180.01449845235973,180.01449845235973
162,155,58.0,366.0,18.712051592547777,165.41823072413567,165.41823072413567
163,154,60.0,366.0,125.72696189714856,158.55634585470173,158.55634585470173
164,150,60.0,366.0,21.821814538001895,163.6655539267147,163.6655539267147
165,3,60.0,66.0,31.755404570407364,35.75377606511099,35.75377606511099
166,154,60.0,366.0,139.76878884383166,165.44516835712227,165.44516835712227
167,153,62.0,366.0,113.80418555152563,152.2350360241342,152.2350360241342
168,24,62.0,108.0,20.897874625046462,107.95351570449637,119.99610831776985
169,23,62.0,108.0,75.13683611488916,75.08598207446781,77.34954829028112
170,153,62.0,366.0,169.83137344697428,201.19351780368146,209.92705190702185
171,2,62.0,64.0,188.2567999507674,189.06665549070172,189.06665549070172
172,2,64.0,66.0,99.74514425555041,96.70545204940501,99.74514425555041
173,79,64.0,220.0,12.865501965161373,16.925687506432688,16.925687506432688
174,151,64.0,366.0,85.20570335417635,119.95365811450718,119.95365811450718
175,4,64.0,70.0,96.46817004830818,91.79487625710547,96.46817004830818
176,1,64.0,64.0,54.408473067246184,54.408473067246184,54.408473067246184
177,78,66.0,228.0,29.098183744847088,36.961953837707625,36.961953837707625
178,151,66.0,366.0,123.91124109604151,147.04040502238763,147.04040502238763
179,49,66.0,180.0,32.35124272377035,32.23295624828558,33.37790589062273
180,79,66.0,224.0,37.03078435139837,44.29517059947829,44.29517059947829
181,16,66.0,96.0,16.03728119216293,16.273715780512877,16.96325844612841
182,65,66.0,202.0,39.71830555206083,110.16587194052235,120.23990614794978
183,5,66.0,76.0,95.86575527214296,98.2597347224525,98.60252108134813
184,81,66.0,226.0,23.452920571340155,30.67448489476694,30.67448489476694
185,4,66.0,72.0,120.20283837603264,127.27196662313638,127.27196662313638
186,13,66.0,94.0,106.19960398826387,166.7292385282282,166.7292385282282
187,31,66.0,130.0,154.6744033302657,155.3848174269703,155.83892670407639
188,150,66.0,366.0,82.2324462854441,87.42572268528971,93.53984258817222
189,2,66.0,70.0,28.11906394744562,29.381225490616288,29.381225490616288
190,16,66.0,106.0,30.130048048354833,30.653723819701746,31.311251163856024
191,150,66.0,366.0,160.42837703248318,175.57449307226557,175.57449307226557
192,92,66.0,248.0,119.10147676622002,163.41641965015418,163.41641965015418
193,151,66.0,366.0,60.44995858881887,66.75581178124546,67.85303378451364
194,61,66.0,186.0,128.48171347507545,130.21417364188187,131.938360819055
195,16,66.0,98.0,175.22605862510417,177.4571318936908,177.9014203526266
196,68,66.0,202.0,88.23030418462119,102.56463873383416,104.83608038339628
197,79,66.0,222.0,26.366433043273013,33.0713285026094,33.0713285026094
198,151,66.0,366.0,149.13399467403073,165.63360912088027,165.89860155828703
199,35,66.0,136.0,138.3495936965617,145.9016516302238,156.40165642809524
200,72,68.0,212.0,132.82321759335005,133.96384356624782,137.18974797802923
201,81,68.0,228.0,21.290215544369623,47.24393000080264,47.24393000080264
202,1,68.0,68.0,14.927053303604616,14.927053303604616,14.927053303604616
203,76,68.0,222.0,13.061933202803933,18.333991376950163,18.333991376950163
204,1,68.0,68.0,17.625846048215095,17.625846048215095,17.625846048215095
205,76,68.0,218.0,17.03815178355966,18.677998695187732,19.994929783493642
206,34,68.0,136.0,145.05269206998042,143.9999278664988,145.75322227623715
207,1,68.0,68.0,21.290215544369623,21.290215544369623,21.290215544369623
208,66,68.0,204.0,120.57300328757714,100.20998098655757,128.00018149069973
209,149,68.0,366.0,92.81561700316446,131.53242540857136,141.5160231180179
210,23,68.0,120.0,142.6897808529398,141.65990422335778,145.2281414139077
211,1,68.0,68.0,158.78504169110417,158.78504169110417,158.78504169110417
212,1,68.0,68.0,155.46264193742127,155.46264193742127,155.46264193742127
213,20,68.0,106.0,141.16920823676375,136.4032604713499,141.62394765085818
214,28,68.0,140.0,142.62284167232457,39.81435963562993,142.62284167232457
215,149,68.0,366.0,97.0799624543071,159.94749817475616,163.61108821993716
216,60,70.0,194.0,24.875578761936154,25.30690599424961,27.33846397952051
217,2,70.0,72.0,95.55979287776103,95.90559144891822,95.90559144891822
218,2,70.0,72.0,166.15934005657724,165.82951392074344,166.15934005657724
219,3,72.0,80.0,18.229523339239496,19.149229459268767,19.149229459268767
220,11,72.0,100.0,151.5476654651363,150.01078532442014,153.02751944264506
221,74,72.0,220.0,98.3115526481228,102.35338281698812,103.7249929043725
222,3,74.0,80.0,44.85218479273398,44.82378834494121,44.85218479273398
223,147,74.0,366.0,156.58065229593436,177.37460119872256,177.3961346469372
224,6,74.0,90.0,140.6360660994043,141.34046998964843,149.18521120396164
225,8,74.0,92.0,149.54323576721347,151.71980005677244,151.71980005677244
226,2,74.0,78.0,44.510231763134115,46.304809613408565,46.304809613408565
227,13,74.0,104.0,145.45153239247588,142.47099642442305,145.45153239247588
228,75,76.0,224.0,24.33220886606579,31.935323316554435,31.935323316554435
229,5,76.0,90.0,142.75668864550977,142.14442773250838,143.0952073216671
230,1,76.0,76.0,208.48770903272384,208.48770903272384,208.48770903272384
231,1,76.0,76.0,115.19972124434416,115.19972124434416,115.19972124434416
232,76,78.0,232.0,18.26441241104166,35.269746741453275,35.269746741453275
233,2,78.0,80.0,77.15176518808164,76.93692639736638,77.15176518808164
234,1,78.0,78.0,168.60492079207526,168.60492079207526,168.60492079207526
235,1,78.0,78.0,160.73760245121838,160.73760245121838,160.73760245121838
236,1,78.0,78.0,144.4721975220268,144.4721975220268,144.4721975220268
237,3,78.0,82.0,37.37303547444967,38.19859314512115,38.26519928662906
238,5,80.0,88.0,100.73588820047821,100.57777181326333,102.40934591131581
239,4,80.0,86.0,126.7456639728695,126.13643942576861,127.18690347618438
240,2,80.0,82.0,123.71585414675594,122.55776968124344,123.71585414675594
241,1,80.0,80.0,95.37974914588912,95.37974914588912,95.37974914588912
242,1,82.0,82.0,41.68899109553381,41.68899109553381,41.68899109553381
243,1,82.0,82.0,156.34466022165788,156.34466022165788,156.34466022165788
244,1,82.0,82.0,98.03270925390673,98.03270925390673,98.03270925390673
245,32,82.0,146.0,20.12188299403865,30.172276587716105,30.172276587716105
246,74,82.0,234.0,35.233628199729644,55.77207372680348,55.77207372680348
247,7,82.0,96.0,113.79859142142902,112.37432893985772,114.07796188019007
248,1,82.0,82.0,21.557653718072718,21.557653718072718,21.557653718072718
249,1,82.0,82.0,39.202042427599885,39.202042427599885,39.202042427599885
250,1,84.0,84.0,169.1138866380914,169.1138866380914,169.1138866380914
251,3,84.0,92.0,168.04896043185127,167.21345759951313,168.04896043185127
252,3,84.0,88.0,159.05343917797862,160.01514692248395,160.01514692248395
253,6,84.0,98.0,144.70995401926993,142.18473016222563,144.70995401926993
254,11,84.0,106.0,49.02934081200753,51.064611891383386,67.60865303790067
255,1,84.0,84.0,42.937755656025104,42.937755656025104,42.937755656025104
256,93,84.0,268.0,59.89982501697053,91.16158460934302,92.05803826802547
257,29,86.0,142.0,19.149229459268767,18.609705966725112,19.38054864282415
258,2,86.0,88.0,44.56740613707347,44.495926690689096,44.56740613707347
259,1,88.0,88.0,21.70480664627101,21.70480664627101,21.70480664627101
260,1,88.0,88.0,86.39288287375022,86.39288287375022,86.39288287375022
261,2,88.0,90.0,206.13236060090577,210.12407689929594,210.12407689929594
262,65,88.0,218.0,119.36310361911033,121.23645204484795,125.86360242578033
263,1,88.0,88.0,102.91783019793907,102.91783019793907,102.91783019793907
264,3,88.0,92.0,37.37303547444967,37.91421166272614,37.91421166272614
265,1,88.0,88.0,208.04141857856666,208.04141857856666,208.04141857856666
266,40,90.0,172.0,122.37582900710002,166.64903525002288,166.64903525002288
267,23,90.0,134.0,25.25654394235911,25.13019725725687,26.390567083147985
268,1,92.0,92.0,156.4667695268478,156.4667695268478,156.4667695268478
269,135,92.0,366.0,124.01908603275855,171.08996795096255,171.08996795096255
270,24,92.0,142.0,44.30954048488453,43.77471318953923,44.510231763134115
271,1,92.0,92.0,102.82500269623527,102.82500269623527,102.82500269623527
272,1,92.0,92.0,38.875896640471694,38.875896640471694,38.875896640471694
273,7,94.0,110.0,21.587164551489145,20.98906578384008,21.938198374294355
274,13,94.0,124.0,145.03952481346028,144.0839018659157,177.35665466139744
275,2,94.0,98.0,77.12700663841869,77.00309448218073,77.12700663841869
276,2,94.0,98.0,86.2675207652163,83.29395103644623,86.2675207652163
277,6,94.0,110.0,159.46916136668997,143.9910856493116,159.46916136668997
278,1,94.0,94.0,206.44096987123308,206.44096987123308,206.44096987123308
279,1,96.0,96.0,116.86217248035977,116.86217248035977,116.86217248035977
280,3,96.0,100.0,209.85122380809474,208.692194073499,209.85122380809474
281,1,98.0,98.0,44.39566212199151,44.39566212199151,44.39566212199151
282,68,98.0,232.0,36.99638510165959,51.251274918665594,51.251274918665594
283,1,98.0,98.0,142.37712875222806,142.37712875222806,142.37712875222806
284,1,100.0,100.0,15.222667215103916,15.222667215103916,15.222667215103916
285,2,100.0,102.0,39.26694651579471,40.49608047229867,40.49608047229867
286,1,100.0,100.0,28.834448541840736,28.834448541840736,28.834448541840736
287,4,100.0,110.0,167.96559716871113,166.3469717960904,168.32527911455122
288,8,100.0,120.0,164.37196579490114,164.39520241341768,164.93646083510913
289,3,100.0,106.0,103.41150292027784,105.90546326593378,105.90546326593378
290,1,100.0,100.0,149.31317566883607,149.31317566883607,149.31317566883607
291,1,100.0,100.0,103.73113029634287,103.73113029634287,103.73113029634287
292,1,100.0,100.0,32.27243324562564,32.27243324562564,32.27243324562564
293,1,102.0,102.0,16.07692842495848,16.07692842495848,16.07692842495848
294,1,102.0,102.0,157.52512652698803,157.52512652698803,157.52512652698803
295,1,102.0,102.0,112.91123753388403,112.91123753388403,112.91123753388403
296,45,102.0,192.0,46.61995176813166,43.74561733176193,51.052143422905154
297,1,104.0,104.0,80.89778278753217,80.89778278753217,80.89778278753217
298,2,104.0,108.0,44.20885319897447,44.02125153930676,44.20885319897447
299,1,104.0,104.0,149.63260805776207,149.63260805776207,149.63260805776207
300,5,106.0,116.0,143.9291749189201,143.96897773042537,144.70995401926993
301,1,106.0,106.0,99.57266861369496,99.57266861369496,99.57266861369496
302,2,106.0,108.0,76.48047115776248,76.27208847209415,76.48047115776248
303,4,106.0,114.0,207.6064349408033,210.37842050585652,210.37842050585652
304,18,106.0,142.0,32.52786592561707,34.503318308930474,34.503318308930474
305,12,106.0,132.0,68.0029854232747,78.37972188868216,78.37972188868216
306,3,108.0,112.0,148.4108179492775,150.7896275938121,150.7896275938121
307,2,108.0,110.0,167.87840040551026,168.0300178673508,168.0300178673508
308,3,110.0,114.0,182.98191251569258,183.52038698012416,183.52038698012416
309,1,112.0,112.0,16.03728119216293,16.03728119216293,16.03728119216293
310,1,112.0,112.0,36.33661249883324,36.33661249883324,36.33661249883324
311,2,112.0,116.0,30.19336870954244,30.632948674096244,30.632948674096244
312,1,112.0,112.0,29.53250900522315,29.53250900522315,29.53250900522315
313,1,112.0,112.0,177.61132554079538,177.61132554079538,177.61132554079538
314,2,112.0,114.0,136.46392043795493,140.5092608359443,140.5092608359443
315,1,114.0,114.0,154.13015092988348,154.13015092988348,154.13015092988348
316,4,114.0,122.0,44.29517059947829,43.65821341361255,44.29517059947829
317,2,114.0,116.0,77.12700663841869,76.79612992341004,77.12700663841869
318,126,114.0,366.0,28.568278705151968,162.72150924912307,167.71905455801362
319,2,114.0,118.0,32.48869930584249,32.44948541188257,32.48869930584249
320,4,114.0,124.0,123.01920674724798,127.4369271172881,127.4369271172881
321,54,116.0,228.0,21.11004122822376,30.29860907292697,30.29860907292697
322,2,116.0,120.0,168.32527911455122,166.34314469248366,168.32527911455122
323,3,116.0,122.0,75.37370130627987,74.27615328850479,75.45811582630226
324,6,118.0,130.0,146.50690169799296,149.26626810274522,149.8196914098283
325,12,118.0,140.0,177.33511641920725,182.13451923929722,182.354591907767
326,2,118.0,120.0,102.31605708202652,100.85589086855173,102.31605708202652
327,1,120.0,120.0,15.09668435477122,15.09668435477122,15.09668435477122
328,2,120.0,122.0,159.6367422865873,134.98169462990225,159.6367422865873
329,1,120.0,120.0,182.49767124865562,182.49767124865562,182.49767124865562
330,1,122.0,122.0,18.881394877652593,18.881394877652593,18.881394877652593
331,11,122.0,142.0,40.69993424688112,41.917425633434654,41.917425633434654
332,1,122.0,122.0,35.98450523483212,35.98450523483212,35.98450523483212
333,1,122.0,122.0,29.811427376513585,29.811427376513585,29.811427376513585
334,1,122.0,122.0,29.03247455203703,29.03247455203703,29.03247455203703
335,7,122.0,136.0,134.03035751899048,134.03035751899048,139.11592676604096
336,26,122.0,174.0,23.04215463350949,108.43013398536633,124.20887071202269
337,1,122.0,122.0,37.72905791315113,37.72905791315113,37.72905791315113
338,20,124.0,162.0,42.52058505622813,94.86441430899224,95.47981535541302
339,7,126.0,142.0,14.494292838262302,14.96964127403822,15.138795132120961
340,1,126.0,126.0,85.94961220711478,85.94961220711478,85.94961220711478
341,2,126.0,130.0,136.73888515866972,135.02413503171496,136.73888515866972
342,3,126.0,130.0,168.40846433292998,167.87081593780186,168.40846433292998
343,1,128.0,128.0,43.74561733176193,43.74561733176193,43.74561733176193
344,2,128.0,130.0,75.94586978664664,75.86199801088115,75.94586978664664
345,1,128.0,128.0,31.39247374172695,31.39247374172695,31.39247374172695
346,1,130.0,130.0,18.77997214831907,18.77997214831907,18.77997214831907
347,1,130.0,130.0,162.29450533501222,162.29450533501222,162.29450533501222
348,1,130.0,130.0,183.04104834752525,183.04104834752525,183.04104834752525
349,7,132.0,144.0,36.07285426355026,38.19859314512115,38.19859314512115
350,1,132.0,132.0,29.96053869739811,29.96053869739811,29.96053869739811
351,1,132.0,132.0,28.900607975374268,28.900607975374268,28.900607975374268
352,1,132.0,132.0,130.30214629484578,130.30214629484578,130.30214629484578
353,1,132.0,132.0,135.26908551989632,135.26908551989632,135.26908551989632
354,19,132.0,174.0,74.93321287841638,73.9325189990714,75.74442150136632
355,1,132.0,132.0,36.910246719124274,36.910246719124274,36.910246719124274
356,1,132.0,132.0,180.93868689082288,180.93868689082288,180.93868689082288
357,1,134.0,134.0,209.9937579842735,209.9937579842735,209.9937579842735
358,1,134.0,134.0,18.712051592547777,18.712051592547777,18.712051592547777
359,3,136.0,140.0,43.687367482580235,43.54140193092842,43.760167678857044
360,4,136.0,142.0,75.7107946755131,75.72760995493766,76.12169971886942
361,2,136.0,138.0,100.53345466116103,99.22681794473213,100.53345466116103
362,45,136.0,226.0,31.614759885488656,43.27742333255787,43.27742333255787
363,1,136.0,136.0,166.07119490901593,166.07119490901593,166.07119490901593
364,1,138.0,138.0,27.408234736913393,27.408234736913393,27.408234736913393
365,1,138.0,138.0,149.80694314851357,149.80694314851357,149.80694314851357
366,4,138.0,146.0,139.2760010340626,147.31723605882257,147.31723605882257
367,24,138.0,186.0,50.070037583204744,78.75245915147651,78.75245915147651
368,30,140.0,202.0,147.74012831791808,144.60873515362172,154.4478645712309
369,1,140.0,140.0,25.180812005932435,25.180812005932435,25.180812005932435
370,27,142.0,200.0,144.9736705920883,142.8324795881228,144.9736705920883
371,10,142.0,164.0,30.612159429303247,30.881327999401787,32.27243324562564
372,21,142.0,188.0,134.92036825875707,136.06212911919786,141.3900070439449
373,1,142.0,142.0,20.279456919490165,20.279456919490165,20.279456919490165
374,1,142.0,142.0,18.77997214831907,18.77997214831907,18.77997214831907
375,21,142.0,182.0,146.14143876186392,153.27692611561997,157.54937297435364
376,4,144.0,154.0,60.88021283408969,60.618226022423976,60.890668860415666
377,9,144.0,164.0,144.6571530126402,142.7343895328219,146.51124695630062
378,1,144.0,144.0,42.38562253431362,42.38562253431362,42.38562253431362
379,39,144.0,226.0,47.00075116543891,60.14377396366641,134.6700563421864
380,3,144.0,150.0,17.000746355818674,17.112717355495807,17.112717355495807
381,11,144.0,166.0,84.30434827879093,83.033680724998,89.27754224911278
382,4,144.0,150.0,27.500987065425246,27.73151068766428,27.73151068766428
383,13,144.0,172.0,103.70043970414582,98.20140687293701,104.45281067944323
384,6,144.0,154.0,169.85011511508998,169.2944835249764,169.85011511508998
385,14,144.0,172.0,18.403307281560924,17.876888032555495,19.04923279949934
386,5,144.0,152.0,132.8567642563357,133.96384356624782,136.31455504041
387,11,144.0,164.0,124.69993809080476,109.5225536177365,124.89888270955515
388,8,144.0,160.0,113.0915170420165,129.3459223084363,129.3459223084363
389,10,144.0,166.0,143.49505189189296,141.29542123312896,146.2894742211777
390,7,144.0,158.0,105.42346980626864,106.12764490332974,107.79417463505666
391,8,144.0,160.0,145.35520976330807,148.10164630129083,151.71560397573572
392,27,146.0,212.0,41.68899109553381,39.46101827387509,41.68899109553381
393,4,146.0,152.0,13.303394180365686,12.865501965161373,13.303394180365686
394,1,146.0,146.0,55.198389745999336,55.198389745999336,55.198389745999336
395,2,146.0,150.0,146.8237675988157,142.7968182731451,146.8237675988157
396,2,146.0,150.0,21.43920417481474,21.049640414216977,21.43920417481474
397,3,146.0,150.0,208.06589763952252,207.19819248579418,208.06589763952252
398,5,146.0,154.0,126.348238657646,123.20536454364563,126.63008657658985
399,5,146.0,156.0,150.4938039314213,148.35075170267015,150.4938039314213
400,2,146.0,148.0,27.034043328329254,26.366433043273013,27.034043328329254
401,1,148.0,148.0,37.37303547444967,37.37303547444967,37.37303547444967
402,1,148.0,148.0,16.39065416446578,16.39065416446578,16.39065416446578
403,34,150.0,218.0,20.62188177498708,19.47884453275087,20.62188177498708
404,1,150.0,150.0,32.41022407214287,32.41022407214287,32.41022407214287
405,35,150.0,218.0,43.33622420659609,44.1944505749731,44.1944505749731
406,1,150.0,150.0,141.79914982276054,141.79914982276054,141.79914982276054
407,18,150.0,202.0,194.93872743035354,193.364817044603,196.56157809955766
408,4,152.0,158.0,29.054394128245264,29.03247455203703,29.054394128245264
409,1,152.0,152.0,22.98683125324351,22.98683125324351,22.98683125324351
410,2,154.0,158.0,37.338951531678056,37.13379090462191,37.338951531678056
411,1,154.0,154.0,41.97813156768016,41.97813156768016,41.97813156768016
412,29,154.0,218.0,37.99807421080277,37.3048364477789,38.014824519842385
413,106,154.0,366.0,113.92718691791809,153.5632430239735,164.6196539607079
414,1,154.0,154.0,40.65298179797198,40.65298179797198,40.65298179797198
415,1,154.0,154.0,167.836681591721,167.836681591721,167.836681591721
416,33,154.0,218.0,31.331576548121713,30.653723819701746,31.614759885488656
417,101,156.0,366.0,128.48171347507545,131.2222984214129,140.44581527064855
418,2,156.0,160.0,21.079862454783044,21.049640414216977,21.079862454783044
419,2,156.0,160.0,16.545286401814263,16.698486766680407,16.698486766680407
420,1,158.0,158.0,44.82378834494121,44.82378834494121,44.82378834494121
421,1,158.0,158.0,125.76746345635236,125.76746345635236,125.76746345635236
422,1,160.0,160.0,169.21549610348657,169.21549610348657,169.21549610348657
423,8,160.0,178.0,167.35046168443827,166.54968244220777,168.58981688442228
424,7,162.0,176.0,157.65035969901996,164.56163549555583,166.8590097199543
425,1,162.0,162.0,54.97882027836971,54.97882027836971,54.97882027836971
426,2,164.0,168.0,37.116642997494345,36.823906842470535,37.116642997494345
427,1,164.0,164.0,153.9648461301451,153.9648461301451,153.9648461301451
428,11,164.0,192.0,40.06937815727916,38.09846559899868,40.06937815727916
429,26,164.0,216.0,44.30954048488453,42.61032258493641,44.424332232904774
430,1,164.0,164.0,172.46861234468975,172.46861234468975,172.46861234468975
431,4,164.0,174.0,85.43700784769261,84.06235467365968,128.31809612254668
432,1,164.0,164.0,158.66471655192794,158.66471655192794,158.66471655192794
433,1,166.0,166.0,19.60913925979463,19.60913925979463,19.60913925979463
434,1,166.0,166.0,28.988585676524604,28.988585676524604,28.988585676524604
435,2,166.0,170.0,12.716187407449045,12.514330345744634,12.716187407449045
436,2,166.0,170.0,20.867389014906145,20.83685880248485,20.867389014906145
437,1,166.0,166.0,129.90089948254828,129.90089948254828,129.90089948254828
438,2,166.0,170.0,16.698486766680407,16.545286401814263,16.698486766680407
439,4,166.0,172.0,146.8237675988157,147.50294010776346,147.5590371834813
440,19,168.0,206.0,178.30533203479087,183.04104834752525,183.38852018224748
441,18,168.0,206.0,102.68250420569166,94.07596970243844,102.88070924805781
442,1,168.0,168.0,36.371635747926355,36.371635747926355,36.371635747926355
443,1,170.0,170.0,113.512925223165,113.512925223165,113.512925223165
444,22,170.0,220.0,54.93248329560876,61.27628756235151,61.27628756235151
445,2,172.0,176.0,99.85996251934904,99.54709125169741,99.85996251934904
446,2,174.0,178.0,36.772005609005646,36.511392788247825,36.772005609005646
447,16,174.0,212.0,19.347672370394786,18.229523339239496,19.347672370394786
448,2,174.0,176.0,27.431452220735256,28.679483013103898,28.679483013103898
449,1,174.0,174.0,30.570538527078803,30.570538527078803,30.570538527078803
450,23,174.0,224.0,44.79537389622523,97.96774820426188,97.96774820426188
451,1,174.0,174.0,35.77157729900708,35.77157729900708,35.77157729900708
452,1,174.0,174.0,131.5663011970563,131.5663011970563,131.5663011970563
453,1,176.0,176.0,12.309163489997376,12.309163489997376,12.309163489997376
454,2,176.0,180.0,20.867389014906145,20.775663783985824,20.867389014906145
455,1,176.0,176.0,134.58493884310542,134.58493884310542,134.58493884310542
456,4,176.0,186.0,177.38895712130676,177.58981818530583,177.58981818530583
457,2,176.0,180.0,16.23454913941803,16.351767622932517,16.351767622932517
458,1,176.0,176.0,19.60913925979463,19.60913925979463,19.60913925979463
459,1,176.0,176.0,139.85985530439498,139.85985530439498,139.85985530439498
460,3,178.0,186.0,15.180789096653193,15.09668435477122,15.471555655790098
461,1,178.0,178.0,99.09199447481907,99.09199447481907,99.09199447481907
462,1,178.0,178.0,37.94777892176918,37.94777892176918,37.94777892176918
463,2,178.0,180.0,17.805522925178455,17.91246396432554,17.91246396432554
464,1,178.0,178.0,165.55672042992953,165.55672042992953,165.55672042992953
465,1,178.0,178.0,26.414679072721462,26.414679072721462,26.414679072721462
466,1,178.0,178.0,158.60853358151115,158.60853358151115,158.60853358151115
467,1,178.0,178.0,141.39901191654863,141.39901191654863,141.39901191654863
468,22,180.0,222.0,23.803184606416586,117.12336596502273,125.30090512893071
469,16,182.0,220.0,28.11906394744562,29.010538413996088,29.010538413996088
470,1,182.0,182.0,139.03353109293184,139.03353109293184,139.03353109293184
471,20,182.0,222.0,34.29975713230766,55.42857585619486,55.42857585619486
472,2,184.0,188.0,36.511392788247825,36.16098743733379,36.511392788247825
473,1,184.0,184.0,30.508000708034015,30.508000708034015,30.508000708034015
474,1,184.0,184.0,29.2726871606753,29.2726871606753,29.2726871606753
475,1,184.0,184.0,18.36868202552426,18.36868202552426,18.36868202552426
476,1,184.0,184.0,73.88945234486704,73.88945234486704,73.88945234486704
477,1,186.0,186.0,153.10654217935652,153.10654217935652,153.10654217935652
478,1,186.0,186.0,14.581872443920643,14.581872443920643,14.581872443920643
479,5,186.0,196.0,32.13405157741889,32.07456238432586,32.33155836373447
480,1,186.0,186.0,20.683531783305643,20.683531783305643,20.683531783305643
481,1,186.0,186.0,136.4265944196314,136.4265944196314,136.4265944196314
482,2,186.0,188.0,166.01368372919546,167.0039287784085,167.0039287784085
483,8,186.0,204.0,157.96502333655928,130.9162996409539,157.96502333655928
484,1,186.0,186.0,164.7626788241148,164.7626788241148,164.7626788241148
485,4,186.0,196.0,16.11647812414279,15.99753570059363,16.15593100600236
486,1,186.0,186.0,100.21633364312908,100.21633364312908,100.21633364312908
487,2,190.0,192.0,87.06818161276345,87.04624363359372,87.06818161276345
488,1,190.0,190.0,213.87771535085227,213.87771535085227,213.87771535085227
489,1,192.0,192.0,151.75336452818726,151.75336452818726,151.75336452818726
490,1,192.0,192.0,38.36489168124743,38.36489168124743,38.36489168124743
491,2,192.0,194.0,177.6077411624101,177.0944281052245,177.6077411624101
492,2,192.0,196.0,100.24809088753082,99.34223528410385,100.24809088753082
493,1,194.0,194.0,36.23133961947795,36.23133961947795,36.23133961947795
494,1,194.0,194.0,30.695231927842155,30.695231927842155,30.695231927842155
495,1,194.0,194.0,28.944630252185586,28.944630252185586,28.944630252185586
496,1,194.0,194.0,132.58335172491928,132.58335172491928,132.58335172491928
497,1,194.0,194.0,134.74567120291255,134.74567120291255,134.74567120291255
498,1,196.0,196.0,44.90892382211466,44.90892382211466,44.90892382211466
499,1,196.0,196.0,20.65272978291924,20.65272978291924,20.65272978291924
500,1,198.0,198.0,36.73736405104852,36.73736405104852,36.73736405104852
501,1,198.0,198.0,216.87788098744966,216.87788098744966,216.87788098744966
502,3,198.0,204.0,27.010484244701136,25.631847476983474,27.010484244701136
503,2,200.0,204.0,36.03754064347158,35.91366952591617,36.03754064347158
504,2,202.0,206.0,152.21830781837804,152.7401983047763,152.7401983047763
505,2,202.0,206.0,31.85548488335917,31.915382432114615,31.915382432114615
506,80,202.0,366.0,101.71072362820549,164.18207698036997,165.23725002946773
507,2,202.0,206.0,20.466944330257718,20.49802550887777,20.49802550887777
508,1,202.0,202.0,87.97740160089438,87.97740160089438,87.97740160089438
509,2,202.0,206.0,15.716503163191918,15.347615963921077,15.716503163191918
510,1,204.0,204.0,25.25654394235911,25.25654394235911,25.25654394235911
511,1,204.0,204.0,34.61384710770804,34.61384710770804,34.61384710770804
512,1,204.0,204.0,28.2320377409108,28.2320377409108,28.2320377409108
513,1,204.0,204.0,30.591356056578213,30.591356056578213,30.591356056578213
514,1,206.0,206.0,43.8328469644097,43.8328469644097,43.8328469644097
515,3,206.0,212.0,178.786685104278,178.62637820619656,178.786685104278
516,3,208.0,214.0,13.493452297211721,11.562445770562215,13.493452297211721
517,2,208.0,212.0,152.3102902140058,152.28939000255727,152.3102902140058
518,4,208.0,218.0,75.85360573274154,74.65232405830248,75.85360573274154
519,2,210.0,214.0,35.75377606511099,35.539465786323824,35.75377606511099
520,79,210.0,366.0,37.06515167605875,131.5663011970563,131.5663011970563
521,1,210.0,210.0,114.74012764748687,114.74012764748687,114.74012764748687
522,1,210.0,210.0,100.0319428086531,100.0319428086531,100.0319428086531
523,1,210.0,210.0,132.53052297347043,132.53052297347043,132.53052297347043
524,77,212.0,366.0,31.915382432114615,143.67240340178924,145.09657429517733
525,1,212.0,212.0,44.03571081101852,44.03571081101852,44.03571081101852
526,1,212.0,212.0,20.404639941160397,20.404639941160397,20.404639941160397
527,1,212.0,212.0,96.04488795144827,96.04488795144827,96.04488795144827
528,1,212.0,212.0,15.67594437773643,15.67594437773643,15.67594437773643
529,1,212.0,212.0,184.27851718969177,184.27851718969177,184.27851718969177
530,1,212.0,212.0,101.36588738827655,101.36588738827655,101.36588738827655
531,1,214.0,214.0,25.482389366284572,25.482389366284572,25.482389366284572
532,75,214.0,366.0,142.6763955292738,113.1140317778641,144.8067058607556
533,2,214.0,216.0,35.593164329846914,25.582125126616702,35.593164329846914
534,4,214.0,220.0,137.35670196202892,145.80999251761776,156.65788274060856
535,1,214.0,214.0,159.0774526814261,159.0774526814261,159.0774526814261
536,2,216.0,218.0,153.18967996902984,153.22292245408866,153.22292245408866
537,75,218.0,366.0,132.16976414356816,156.2917165615123,156.2917165615123
538,75,218.0,366.0,103.92733547045448,128.4024098869473,128.4024098869473
539,17,218.0,252.0,40.4016471984804,57.06966580796269,57.06966580796269
540,4,218.0,224.0,26.678472698169138,29.40288507740653,29.40288507740653
541,7,218.0,232.0,33.96402549065787,55.897494065298574,55.897494065298574
542,75,218.0,366.0,152.84436256140023,148.6979419288338,155.98184016206574
543,75,218.0,366.0,146.46344202461592,172.5129013107127,173.84364766603875
544,4,218.0,224.0,78.78478774854901,57.77918384933796,78.78478774854901
545,75,218.0,366.0,102.29116569202625,165.80263873164654,165.80263873164654
546,14,218.0,244.0,20.98906578384008,31.513915099419602,31.513915099419602
547,75,218.0,366.0,133.7260236670685,164.1277826815492,166.10569205903505
548,3,218.0,222.0,19.149229459268767,23.66908109081279,23.66908109081279
549,75,218.0,366.0,125.11277697730992,147.6409868764971,147.6409868764971
550,3,218.0,222.0,126.14653316718642,127.70141772497267,127.70141772497267
551,1,218.0,218.0,180.71688997561054,180.71688997561054,180.71688997561054
552,75,218.0,366.0,151.9462163552706,167.66590562248385,167.66590562248385
553,2,218.0,220.0,36.63324282875953,38.48087304787918,38.48087304787918
554,75,218.0,366.0,136.92033836023242,132.1408608890453,147.13129762082315
555,4,218.0,224.0,16.23454913941803,19.44613444328572,19.44613444328572
556,75,218.0,366.0,115.55836769867592,161.6499154859035,161.6499154859035
557,1,218.0,218.0,131.50822307421583,131.50822307421583,131.50822307421583
558,1,218.0,218.0,167.3770883448741,167.3770883448741,167.3770883448741
559,75,218.0,366.0,139.08846696511563,177.2094244992293,177.2094244992293
560,2,218.0,220.0,193.90728969168254,197.5469363116845,197.5469363116845
561,75,218.0,366.0,147.55472278097804,173.27143003061738,173.27143003061738
562,74,220.0,366.0,27.408234736913393,99.54069588429165,99.54069588429165
563,9,220.0,236.0,61.088993326283926,85.39228813363813,85.39228813363813
564,74,220.0,366.0,88.20143773392724,153.0691154420658,153.0691154420658
565,3,220.0,224.0,144.10157436713095,149.95985075716916,149.95985075716916
566,1,220.0,220.0,20.806283791440396,20.806283791440396,20.806283791440396
567,3,220.0,224.0,41.719521301819455,47.16300970731543,47.16300970731543
568,1,220.0,220.0,17.22396045987371,17.22396045987371,17.22396045987371
569,73,220.0,366.0,32.9363035587535,169.06117620617377,169.06117620617377
570,2,220.0,222.0,23.90992587997897,30.361578193306386,30.361578193306386
571,72,220.0,366.0,137.31961861849078,173.52109022795221,173.52109022795221
572,40,220.0,302.0,204.88395386260385,227.32009793037787,233.86049560486734
573,74,220.0,366.0,126.31296344823964,139.90991659192136,139.90991659192136
574,74,220.0,366.0,122.19361743196431,161.98039170948283,161.98039170948283
575,74,220.0,366.0,144.64394974933515,163.034194989552,164.5074664668625
576,16,220.0,250.0,59.172702727031975,111.9088207516059,111.9088207516059
577,74,220.0,366.0,145.9060149136146,159.78422747890195,159.78422747890195
578,1,220.0,220.0,69.26446855756632,69.26446855756632,69.26446855756632
579,74,220.0,366.0,119.41109521936849,162.41998069008577,162.41998069008577
580,74,220.0,366.0,142.52014053164575,164.53842238122914,165.2025715338542
581,73,222.0,366.0,106.46901740307906,153.78280561854407,161.622345298497
582,7,222.0,234.0,35.82492792865108,38.065031221695,38.065031221695
583,6,222.0,232.0,31.735350634355903,41.151046092387084,41.151046092387084
584,73,222.0,366.0,94.52827685381435,132.00107260814474,132.00107260814474
585,73,222.0,366.0,155.72041333582817,178.7403889905544,178.7403889905544
586,5,222.0,230.0,36.772005609005646,42.490630431125176,42.490630431125176
587,8,222.0,238.0,46.42838085951986,63.0984948821036,63.0984948821036
588,1,222.0,222.0,226.0732371715285,226.0732371715285,226.0732371715285
589,1,222.0,222.0,14.798554040663838,14.798554040663838,14.798554040663838
590,4,222.0,228.0,29.98177977677484,38.77751800118501,38.77751800118501
591,1,222.0,222.0,101.00096649249512,101.00096649249512,101.00096649249512
592,73,222.0,366.0,137.4076752182269,159.59685802805433,159.59685802805433
593,7,222.0,234.0,136.64107978202026,136.30521426847727,141.5385141820524
594,3,222.0,226.0,127.54678225294896,104.11094200097529,131.69688332827923
595,73,222.0,366.0,131.45496225379105,153.7165556184341,154.49731954034056
596,3,222.0,228.0,28.65727667372076,33.813741454801715,33.813741454801715
597,72,222.0,366.0,145.82309020392466,161.3542754647196,162.72542152920417
598,73,222.0,366.0,182.43486974637594,186.64360140105003,210.96164354373255
599,73,222.0,366.0,150.3456738243018,163.70833569837072,163.70833569837072
600,73,222.0,366.0,138.60244677120292,175.36769361411217,175.36769361411217
601,73,222.0,366.0,184.44426636731978,200.08297720086782,214.6502257285823
602,73,222.0,366.0,93.91341930938556,161.55931006002356,162.57277284223366
603,7,222.0,234.0,120.21872596350717,147.67547840526493,148.54373534505038
604,22,222.0,266.0,106.9522513549888,142.37265731938766,142.3994838103432
605,73,222.0,366.0,177.54320997720083,171.89181735941995,177.54320997720083
606,1,222.0,222.0,19.706294962377495,19.706294962377495,19.706294962377495
607,1,222.0,222.0,125.22467102355775,125.22467102355775,125.22467102355775
608,43,224.0,308.0,155.21264583124022,174.82959849782964,175.08430906007476
609,2,224.0,228.0,34.18821291127805,34.65061169280073,34.65061169280073
610,72,224.0,366.0,154.1673200829906,175.29144284046978,176.08862153170324
611,72,224.0,366.0,139.07473503146377,166.4770409703701,170.5495746094806
612,3,224.0,228.0,37.96455142155909,40.933888660515436,40.933888660515436
613,5,224.0,232.0,101.76078428024756,113.41193006432178,113.41193006432178
614,3,224.0,228.0,197.5018144030744,200.35960073316912,200.35960073316912
615,1,224.0,224.0,35.575273821388244,35.575273821388244,35.575273821388244
616,72,224.0,366.0,129.81265490918008,158.5483154489707,158.68477707778814
617,72,224.0,366.0,119.40576377187305,156.25505274979585,156.25505274979585
618,6,224.0,236.0,22.140398025397776,48.925354818356766,48.925354818356766
619,72,224.0,366.0,42.848703871973825,68.0684853900192,68.59023339948936
620,72,224.0,366.0,172.09909438933533,193.83504772251564,193.83504772251564
621,1,224.0,224.0,135.5464740615867,135.5464740615867,135.5464740615867
622,72,224.0,366.0,136.06680792902435,178.18389738558312,178.18389738558312
623,2,224.0,226.0,162.00397135757478,167.03823329802776,167.03823329802776
624,72,224.0,366.0,31.815490536285218,169.54624502325544,169.54624502325544
625,1,224.0,224.0,134.49503415387667,134.49503415387667,134.49503415387667
626,15,224.0,256.0,239.18444603284792,236.26815561946503,241.81036547761474
627,50,224.0,322.0,247.42913536910083,246.58376763044987,247.4497180153146
628,1,224.0,224.0,98.07815638802634,98.07815638802634,98.07815638802634
629,44,226.0,314.0,81.5092874734412,100.63472233192421,110.20631568666434
630,1,226.0,226.0,18.575465448360347,18.575465448360347,18.575465448360347
631,8,226.0,240.0,108.2126799082681,129.97439086045426,129.97439086045426
632,5,226.0,234.0,121.488241416896,127.3669699705175,127.51183861221682
633,71,226.0,366.0,132.29975064781596,142.7968182731451,151.5812680521269
634,3,226.0,230.0,30.943111311580196,33.30152614317138,33.30152614317138
635,3,226.0,230.0,18.159544104586082,20.62188177498708,21.200319792199185
636,1,226.0,226.0,151.45521990987532,151.45521990987532,151.45521990987532
637,2,226.0,228.0,216.03673009887027,217.66314217063808,217.66314217063808
638,20,226.0,266.0,164.0501882262472,191.48564543924232,194.02872689045117
639,1,226.0,226.0,84.02448021592564,84.02448021592564,84.02448021592564
640,3,226.0,232.0,141.67787908756202,143.77870930120392,144.6263435232643
641,71,226.0,366.0,150.1889202788546,175.29507458179884,175.29507458179884
642,1,226.0,226.0,171.95846936667417,171.95846936667417,171.95846936667417
643,1,226.0,226.0,139.62295896248608,139.62295896248608,139.62295896248608
644,71,226.0,366.0,76.97001755003511,109.02735615269903,109.02735615269903
645,2,226.0,228.0,147.200511453945,150.87826158966698,150.87826158966698
646,1,226.0,226.0,155.093653897046,155.093653897046,155.093653897046
647,71,226.0,366.0,50.525689378711114,69.3287767191607,69.3287767191607
648,70,226.0,366.0,134.0113569011577,155.33974331065698,155.33974331065698
649,1,226.0,226.0,123.7518696589047,123.7518696589047,123.7518696589047
650,71,226.0,366.0,161.45288228880582,194.76883476531722,194.76883476531722
651,7,226.0,238.0,157.38361446884443,170.22451515302618,172.09169593719471
652,71,226.0,366.0,47.4724551101082,72.00438477038452,72.00438477038452
653,19,228.0,264.0,37.64459607022283,42.89325287434272,43.15958125315331
654,11,228.0,250.0,26.29389801439097,30.77808020788433,30.798757455905527
655,70,228.0,366.0,60.334002506031624,67.01280380853288,70.11403484483306
656,1,228.0,228.0,51.96673045693062,51.96673045693062,51.96673045693062
657,2,228.0,230.0,15.471555655790098,15.99753570059363,15.99753570059363
658,70,228.0,366.0,144.7759281974398,152.26848692236786,152.26848692236786
659,70,228.0,366.0,151.48464052425197,173.39263355123077,174.68388285449493
660,2,228.0,230.0,31.895429080722444,31.270560761786875,31.895429080722444
661,1,228.0,228.0,171.93255221195395,171.93255221195395,171.93255221195395
662,70,228.0,366.0,148.86481879918944,171.43938185453916,173.81801160127415
663,13,228.0,256.0,45.16336735304101,61.628512572874826,61.628512572874826
664,70,228.0,366.0,54.47863231375825,85.71969092726958,85.71969092726958
665,70,228.0,366.0,172.8189225775138,175.91861861193902,176.29818639603204
666,68,228.0,366.0,167.03823329802776,183.38504872287123,183.38504872287123
667,4,228.0,234.0,59.80409585606217,57.7020052466329,59.80409585606217
668,70,228.0,366.0,121.3833926518587,118.14081381718536,121.3833926518587
669,70,228.0,366.0,153.085750677179,175.48744931905924,175.48744931905924
670,2,228.0,230.0,147.65392214397892,149.43251030336498,149.43251030336498
671,3,230.0,234.0,128.76877956665592,127.53679933255226,129.709627029494
672,68,230.0,366.0,147.24375357803927,172.70468892003458,172.71943299219362
673,2,230.0,232.0,228.8607767874836,232.62679796260338,232.62679796260338
674,69,230.0,366.0,185.98413564554414,167.50635763256506,185.98413564554414
675,4,230.0,238.0,207.01683466868303,155.30695391856386,208.38691876587998
676,2,230.0,232.0,107.51623982752811,113.04084249050028,113.04084249050028
677,4,232.0,238.0,18.47236308621676,24.016192740836935,24.016192740836935
678,23,232.0,276.0,143.5127969054885,152.89017235189726,159.53701294450732
679,68,232.0,366.0,187.71156373809498,181.9981504199569,206.40704543785145
680,68,232.0,366.0,125.72189828483465,137.2129481790944,137.2129481790944
681,58,232.0,350.0,113.31646309629556,135.71075865455225,145.7575900028912
682,32,232.0,298.0,181.9631675939884,195.28458936615453,198.2899654066402
683,68,232.0,366.0,68.97895460700533,101.21504521037927,101.21504521037927
684,1,232.0,232.0,160.11457845318927,160.11457845318927,160.11457845318927
685,66,234.0,366.0,176.7309799438069,177.5288665283184,184.61676352112656
686,41,234.0,314.0,51.95447848683061,62.48001635849665,62.48001635849665
687,66,234.0,366.0,166.70250838961502,185.20892682241325,185.20892682241325
688,1,234.0,234.0,224.62115536881268,224.62115536881268,224.62115536881268
689,1,234.0,234.0,115.82250145515626,115.82250145515626,115.82250145515626
690,67,234.0,366.0,79.62871927125985,118.45294332764169,118.45294332764169
691,1,234.0,234.0,129.5770422429166,129.5770422429166,129.5770422429166
692,66,236.0,366.0,30.361578193306386,37.67840352748118,37.69529588588531
693,66,236.0,366.0,83.11797500981959,101.29677927269294,105.70690727003505
694,4,236.0,242.0,161.81130367787625,163.43200166874982,165.0522138571717
695,1,236.0,236.0,181.01255880246177,181.01255880246177,181.01255880246177
696,2,236.0,238.0,170.8404813970159,174.20946526611962,174.20946526611962
697,66,236.0,366.0,34.262616074167774,46.38722701997205,46.38722701997205
698,1,236.0,236.0,150.30332412237593,150.30332412237593,150.30332412237593
699,1,236.0,236.0,224.07632950990416,224.07632950990416,224.07632950990416
700,2,236.0,238.0,126.68537587814438,123.67982814690617,126.68537587814438
701,5,236.0,244.0,196.93368562191958,203.1646612017565,203.19599394838437
702,66,236.0,366.0,141.749755750991,142.20711546553704,149.41546833372487
703,14,236.0,264.0,84.17587579853969,92.05803826802547,93.30815616493042
704,3,236.0,240.0,164.24798164315027,164.69311467542647,164.69311467542647
705,1,238.0,238.0,41.18197510546619,41.18197510546619,41.18197510546619
706,3,238.0,242.0,141.24585100616324,149.73468249955147,149.73468249955147
707,1,238.0,238.0,211.2119644548715,211.2119644548715,211.2119644548715
708,1,238.0,238.0,209.74198318444644,209.74198318444644,209.74198318444644
709,3,238.0,242.0,193.496465219606,195.38888020903113,195.52242155485203
710,1,238.0,238.0,133.18698636597455,133.18698636597455,133.18698636597455
711,1,238.0,238.0,98.09762728582358,98.09762728582358,98.09762728582358
712,1,238.0,238.0,144.39285835884783,144.39285835884783,144.39285835884783
713,1,240.0,240.0,97.0799624543071,97.0799624543071,97.0799624543071
714,29,240.0,302.0,53.60691795344386,74.93321287841638,84.80127916879674
715,64,240.0,366.0,183.83232576552115,169.08753347609067,188.21959805692703
716,4,240.0,246.0,48.37576131931392,54.1151637980601,54.1151637980601
717,64,240.0,366.0,101.81082031733641,116.26139086949067,116.95474521835295
718,51,240.0,340.0,143.77870930120392,162.4748456869374,163.5215694609832
719,3,240.0,248.0,154.40663999700894,166.4770409703701,166.4770409703701
720,7,240.0,256.0,193.91385580887086,199.4424142881128,199.4424142881128
721,1,240.0,240.0,103.35608245443524,103.35608245443524,103.35608245443524
722,1,240.0,240.0,211.96415691118554,211.96415691118554,211.96415691118554
723,62,242.0,366.0,80.58239062071397,106.74967880691588,111.16682518269329
724,1,242.0,242.0,203.21165851002627,203.21165851002627,203.21165851002627
725,2,242.0,244.0,145.59152427511358,146.64588610178228,146.64588610178228
726,1,242.0,242.0,111.40137271386574,111.40137271386574,111.40137271386574
727,1,242.0,242.0,47.068426868115985,47.068426868115985,47.068426868115985
728,63,242.0,366.0,108.34202953108026,119.19231032308647,120.7945577526776
729,1,242.0,242.0,100.69796291023387,100.69796291023387,100.69796291023387
730,2,242.0,246.0,183.39893416611994,183.80461931083997,183.80461931083997
731,2,242.0,244.0,95.30630048501857,96.94215326518302,96.94215326518302
732,19,242.0,280.0,133.40668032864062,119.2403706638719,133.40668032864062
733,2,244.0,248.0,53.52372348458314,50.03187928660416,53.52372348458314
734,20,244.0,282.0,45.95981293168669,54.97882027836971,55.198389745999336
735,2,244.0,246.0,98.77669072866104,98.87975760498867,98.87975760498867
736,62,244.0,366.0,111.92019764593222,114.58466819478511,126.49930671047777
737,62,244.0,366.0,65.15351596151226,82.63403462505433,83.5076822005885
738,1,244.0,244.0,163.0185749468824,163.0185749468824,163.0185749468824
739,12,244.0,266.0,41.367063566611286,73.3793570064838,73.3793570064838
740,1,244.0,244.0,82.74182154171474,82.74182154171474,82.74182154171474
741,25,244.0,294.0,101.42239536668112,113.06899782294778,116.21757651298105
742,2,244.0,246.0,107.1960208740737,109.24318858767663,109.24318858767663
743,1,244.0,244.0,159.54100331513726,159.54100331513726,159.54100331513726
744,62,244.0,366.0,115.6740004306146,103.85380196916992,115.6740004306146
745,2,244.0,246.0,121.42534302209397,120.58884210581132,121.42534302209397
746,1,246.0,246.0,171.6323690537211,171.6323690537211,171.6323690537211
747,1,246.0,246.0,78.63920440072296,78.63920440072296,78.63920440072296
748,27,246.0,298.0,65.02636794459211,55.10604607657279,65.02636794459211
749,12,246.0,268.0,51.794939142323436,49.41733953585565,52.12574400874137
750,60,246.0,366.0,83.40851798487328,89.29893206906969,90.15742483894091
751,54,246.0,356.0,39.830346128799995,44.809583372838354,44.809583372838354
752,27,246.0,302.0,204.94608886550697,188.20606827233874,204.94608886550697
753,61,246.0,366.0,85.22064516987282,107.47478378595324,111.23552443233372
754,1,246.0,246.0,67.98425955608137,67.98425955608137,67.98425955608137
755,59,246.0,366.0,139.79156102066847,151.93783658323306,154.78960479575588
756,60,248.0,366.0,109.35967741218599,125.27041705391133,125.27041705391133
757,3,248.0,256.0,106.74967880691588,108.47122490733494,108.47122490733494
758,54,248.0,354.0,131.58081672230472,122.55776968124344,132.78966245546854
759,3,248.0,254.0,133.57836269365848,135.53238325910968,135.53238325910968
760,1,248.0,248.0,131.76937304075412,131.76937304075412,131.76937304075412
761,8,250.0,266.0,75.43280138919303,78.87362306611764,78.87362306611764
762,4,250.0,258.0,79.34038258775064,92.89103506081842,93.27403609352051
763,40,250.0,328.0,102.09181609317194,121.76042566817938,121.76042566817938
764,6,250.0,264.0,128.21386727681093,130.75085990982635,130.75085990982635
765,58,250.0,366.0,54.513678076349514,67.80610589053667,67.93742230659745
766,16,250.0,280.0,98.46037727742835,102.19153950263106,103.786350492054
767,44,250.0,336.0,110.53509248776436,123.51500404815894,123.51500404815894
768,1,250.0,250.0,131.28535225637282,131.28535225637282,131.28535225637282
769,7,250.0,268.0,69.31040904716815,67.01280380853288,69.31040904716815
770,4,252.0,258.0,57.25898905580716,56.07942292406237,57.25898905580716
771,5,252.0,262.0,101.8170730930412,102.7816545044282,103.14644751908337
772,1,252.0,252.0,145.89728821634228,145.89728821634228,145.89728821634228
773,4,252.0,258.0,81.77440974381335,84.11535026434413,84.11535026434413
774,29,252.0,310.0,82.37167919797243,97.720502380584,99.25247784119021
775,58,252.0,366.0,166.10952463346499,166.9162296419819,168.69928957740265
776,3,254.0,258.0,89.88869868281186,90.28443700546907,91.12666081209566
777,56,254.0,366.0,110.83992226246636,111.0923530541951,115.88294731461468
778,1,254.0,254.0,116.32160866279564,116.32160866279564,116.32160866279564
779,1,256.0,256.0,113.18154911283231,113.18154911283231,113.18154911283231
780,10,256.0,274.0,89.26327952160759,95.67963381329288,95.67963381329288
781,1,256.0,256.0,124.88868813069398,124.88868813069398,124.88868813069398
782,40,256.0,334.0,112.16452175945896,104.66591156102993,115.1223280738724
783,1,256.0,256.0,167.39230167778544,167.39230167778544,167.39230167778544
784,1,258.0,258.0,143.4329270559266,143.4329270559266,143.4329270559266
785,1,258.0,258.0,176.11754185569734,176.11754185569734,176.11754185569734
786,1,258.0,258.0,155.26185719767375,155.26185719767375,155.26185719767375
787,2,258.0,260.0,147.4079579617406,146.14579488624486,147.4079579617406
788,1,260.0,260.0,93.20575847944168,93.20575847944168,93.20575847944168
789,1,260.0,260.0,158.14627525564046,158.14627525564046,158.14627525564046
790,3,260.0,264.0,109.80700564463996,112.21559204241966,112.6459289225786
791,1,260.0,260.0,159.768289697457,159.768289697457,159.768289697457
792,2,262.0,264.0,138.55650780644257,138.8227421898567,138.8227421898567
793,52,264.0,366.0,124.77649279019494,122.43823912369781,125.88383285304684
794,16,264.0,294.0,81.7354751085806,87.62211167709343,87.62211167709343
795,3,264.0,268.0,76.48047115776248,76.42218128070012,79.8602334054843
796,9,266.0,284.0,91.34994239841784,91.85727223774894,92.30665757878849
797,29,266.0,326.0,31.372187811504013,36.63324282875953,36.63324282875953
798,1,266.0,266.0,215.4849715338558,215.4849715338558,215.4849715338558
799,11,268.0,292.0,154.09297281111182,158.06574450632274,159.87185687610454
800,48,270.0,366.0,104.08036340543188,98.65415895924299,108.01836504943513
801,49,270.0,366.0,121.85972595671714,130.76059745293497,132.11195131111194
802,14,270.0,296.0,134.4098058187989,131.48885799929505,138.6254105447043
803,49,270.0,366.0,29.33785834448333,34.503318308930474,35.16127981086358
804,1,270.0,270.0,93.36954087282243,93.36954087282243,93.36954087282243
805,1,270.0,270.0,105.07264197876913,105.07264197876913,105.07264197876913
806,9,270.0,286.0,139.3902272494689,137.74547432000585,139.3902272494689
807,5,270.0,278.0,187.44004907548995,186.86517737224835,187.53851856143953
808,10,272.0,290.0,53.356945396338276,55.60059005637418,57.336763987045785
809,2,272.0,274.0,68.31122112401718,68.39504431870037,68.39504431870037
810,1,272.0,272.0,159.09746116558566,159.09746116558566,159.09746116558566
811,23,274.0,318.0,30.403485153477522,32.52786592561707,33.64386950500135
812,47,274.0,366.0,33.05207299675423,42.15972490956609,42.15972490956609
813,46,276.0,366.0,163.47873881331194,156.336516210181,164.11614585203867
814,2,276.0,278.0,112.58374513151774,114.02772571105452,114.02772571105452
815,1,276.0,276.0,161.6341616689393,161.6341616689393,161.6341616689393
816,1,276.0,276.0,173.13543427530928,173.13543427530928,173.13543427530928
817,45,278.0,366.0,161.21612458646584,170.6540597428827,170.6540597428827
818,1,278.0,278.0,160.09072051800533,160.09072051800533,160.09072051800533
819,44,278.0,366.0,142.97058316723167,142.23397317904397,142.97058316723167
820,7,280.0,294.0,93.21258849143044,93.79132163785326,94.27201081048095
821,44,280.0,366.0,30.403485153477522,35.78936967876878,35.78936967876878
822,7,280.0,292.0,87.06818161276345,86.51806333649651,87.06818161276345
823,5,280.0,288.0,57.88926050437117,57.56945835202576,57.900256659946535
824,44,280.0,366.0,68.7385768729044,80.54287976243246,80.54287976243246
825,4,280.0,286.0,121.34667418129825,122.94155780512591,125.54961395329464
826,3,280.0,284.0,69.74989821091539,72.00438477038452,72.00438477038452
827,42,282.0,366.0,30.10891156869401,34.65061169280073,34.815571898044055
828,43,282.0,366.0,163.54492690466301,170.92616708243665,170.92616708243665
829,19,282.0,318.0,101.32191495031871,109.68518796174145,110.60418412436051
830,7,282.0,302.0,191.3559407675616,193.84161628680098,194.60533656249686
831,5,282.0,294.0,147.6970315204322,145.43840124494375,148.14462539221597
832,16,282.0,314.0,164.7626788241148,172.8594389550215,172.8594389550215
833,1,284.0,284.0,55.3251106238689,55.3251106238689,55.3251106238689
834,2,284.0,286.0,172.20263934354182,171.3242283647579,172.20263934354182
835,1,284.0,284.0,171.72878132437742,171.72878132437742,171.72878132437742
836,2,284.0,286.0,188.8712585991978,186.71521623690313,188.8712585991978
837,2,288.0,290.0,70.17756449917317,70.1049544802486,70.17756449917317
838,32,288.0,366.0,173.02876828696034,170.4450254252737,173.02876828696034
839,1,288.0,288.0,165.58748019059814,165.58748019059814,165.58748019059814
840,18,290.0,326.0,32.15385684991696,125.29582429827641,125.29582429827641
841,19,290.0,328.0,196.29257526145886,200.63584287546158,202.3451606538902
842,37,292.0,366.0,137.5836193432113,136.98076934651118,137.69000261858727
843,3,292.0,296.0,173.10233807143484,172.74154674082686,173.44402763847964
844,3,292.0,296.0,165.7987990632989,162.45133438579603,165.959988646996
845,1,292.0,292.0,188.09441041550375,188.09441041550375,188.09441041550375
846,6,292.0,304.0,108.30088959053069,111.93726081934798,111.93726081934798
847,9,292.0,316.0,179.48324078126169,180.07814405101985,182.05061205460498
848,33,294.0,366.0,127.3719681838019,128.61047751118298,129.51807210534662
849,2,294.0,298.0,125.47353095633473,124.8530005494165,125.47353095633473
850,1,296.0,296.0,57.99912824508917,57.99912824508917,57.99912824508917
851,5,296.0,308.0,71.52535557930406,76.58860608860103,76.58860608860103
852,1,296.0,296.0,98.22085333806832,98.22085333806832,98.22085333806832
853,1,296.0,296.0,57.21449877010287,57.21449877010287,57.21449877010287
854,1,298.0,298.0,188.4426992554068,188.4426992554068,188.4426992554068
855,1,300.0,300.0,54.53702940664572,54.53702940664572,54.53702940664572
856,2,300.0,302.0,107.34438914006276,105.17559205756388,107.34438914006276
857,32,300.0,366.0,75.51714984603692,76.42218128070012,77.12700663841869
858,3,300.0,304.0,173.72642334544938,174.40303748552748,174.40303748552748
859,1,302.0,302.0,87.54215453003738,87.54215453003738,87.54215453003738
860,29,302.0,364.0,90.83277079272577,92.23076167079844,96.26337520876002
861,33,302.0,366.0,194.3303499118059,195.27480924398157,200.48348048704565
862,30,302.0,362.0,57.790200949990925,55.68068149214879,59.55875562528286
863,2,304.0,306.0,194.04513149381762,193.854752747665,194.04513149381762
864,5,304.0,312.0,162.0943282325289,167.64312234905208,167.64312234905208
865,30,304.0,366.0,119.05336035573222,121.07881779271163,121.07881779271163
866,1,306.0,306.0,120.33517084490721,120.33517084490721,120.33517084490721
867,11,306.0,328.0,147.33452072813685,142.28767339736012,147.4252319944901
868,29,308.0,366.0,111.78359849294031,102.45285162842801,113.41754326584291
869,1,308.0,308.0,55.72639634508104,55.72639634508104,55.72639634508104
870,28,308.0,366.0,188.1688563486002,176.0958520579769,194.860333837064
871,2,308.0,312.0,160.34899240837743,159.46516919832578,160.34899240837743
872,5,308.0,320.0,127.3669699705175,131.17377484676953,131.17377484676953
873,30,308.0,366.0,226.35184841335612,230.3966793587826,233.41089708853116
874,7,310.0,326.0,119.76776156790417,122.36542422631285,122.36542422631285
875,28,312.0,366.0,200.63901586155083,207.44384814440517,207.44384814440517
876,14,314.0,342.0,186.82429081847204,180.0074253300823,186.82429081847204
877,5,314.0,322.0,131.11066735193376,130.06252569957024,132.4199947518979
878,1,314.0,314.0,41.82620153045354,41.82620153045354,41.82620153045354
879,1,314.0,314.0,151.90431287239792,151.90431287239792,151.90431287239792
880,11,314.0,338.0,181.81616622280603,182.56742535862494,182.89491332260226
881,1,316.0,316.0,157.44427806830225,157.44427806830225,157.44427806830225
882,2,318.0,320.0,185.36010658898093,185.21580130701454,185.36010658898093
883,1,318.0,318.0,159.46516919832578,159.46516919832578,159.46516919832578
884,4,318.0,324.0,167.5709548805797,169.30200421459276,169.30200421459276
885,1,318.0,318.0,133.53069528940233,133.53069528940233,133.53069528940233
886,1,320.0,320.0,195.10520923067932,195.10520923067932,195.10520923067932
887,1,322.0,322.0,271.1962556195825,271.1962556195825,271.1962556195825
888,1,322.0,322.0,59.33386335974361,59.33386335974361,59.33386335974361
889,3,322.0,328.0,166.32018022151175,166.4885127835686,167.30480612181415
890,2,324.0,326.0,173.26775587312952,157.93680989847354,173.26775587312952
891,10,324.0,346.0,120.59412124960747,154.48083630978684,154.48083630978684
892,22,324.0,366.0,125.84842747114756,127.94546035971729,128.14433428150224
893,1,324.0,324.0,191.23946424044598,191.23946424044598,191.23946424044598
894,1,326.0,326.0,164.74335839594485,164.74335839594485,164.74335839594485
895,1,326.0,326.0,150.61642994224232,150.61642994224232,150.61642994224232
896,1,326.0,326.0,38.497413290657974,38.497413290657974,38.497413290657974
897,1,326.0,326.0,50.88977533838523,50.88977533838523,50.88977533838523
898,1,326.0,326.0,97.720502380584,97.720502380584,97.720502380584
899,20,328.0,366.0,105.93551504238663,111.26413660052366,111.26413660052366
900,5,328.0,340.0,65.9112534142416,65.0850825100029,65.9112534142416
901,1,328.0,328.0,195.79573399957164,195.79573399957164,195.79573399957164
902,1,328.0,328.0,33.032806266468405,33.032806266468405,33.032806266468405
903,3,328.0,332.0,125.73202530553534,125.46338307076219,125.73202530553534
904,1,328.0,328.0,111.40708721656073,111.40708721656073,111.40708721656073
905,18,328.0,366.0,247.0403162608197,252.35866450067326,252.35866450067326
906,1,328.0,328.0,92.33424062365299,92.33424062365299,92.33424062365299
907,1,330.0,330.0,201.0985689155401,201.0985689155401,201.0985689155401
908,15,332.0,362.0,136.91103891794506,139.4495879045189,140.40047945640995
909,1,332.0,332.0,129.85678469172296,129.85678469172296,129.85678469172296
910,10,332.0,354.0,175.36769361411217,176.61206744422086,176.61567202959864
911,1,332.0,332.0,58.913928734621436,58.913928734621436,58.913928734621436
912,2,334.0,338.0,151.00479133677192,149.26200304758032,151.00479133677192
913,7,334.0,350.0,193.9795047564517,187.88444953689591,199.7741062543484
914,1,336.0,336.0,125.02624480769464,125.02624480769464,125.02624480769464
915,1,336.0,336.0,114.36778323926859,114.36778323926859,114.36778323926859
916,1,336.0,336.0,171.44309519549404,171.44309519549404,171.44309519549404
917,1,336.0,336.0,204.3643891347091,204.3643891347091,204.3643891347091
918,1,336.0,336.0,51.745751154834416,51.745751154834416,51.745751154834416
919,1,336.0,336.0,104.78748891826754,104.78748891826754,104.78748891826754
920,1,338.0,338.0,121.88062097160953,121.88062097160953,121.88062097160953
921,10,338.0,358.0,127.45191293868918,130.01846574794197,130.01846574794197
922,1,338.0,338.0,140.1417852659937,140.1417852659937,140.1417852659937
923,2,340.0,342.0,34.42943531556155,35.10692067532608,35.10692067532608
924,2,342.0,344.0,160.44028133829354,160.36090260726297,160.44028133829354
925,13,342.0,366.0,113.82096629215674,118.32388615113962,118.32388615113962
926,12,342.0,366.0,171.19040452422922,172.68257045138492,172.96988992939453
927,12,342.0,366.0,53.23749831256604,55.60059005637418,55.60059005637418
928,2,342.0,344.0,145.6702105873271,148.64655750919366,148.64655750919366
929,2,344.0,346.0,105.10898881478694,106.71985629514327,106.71985629514327
930,6,346.0,358.0,204.94298256276926,203.28683160369533,206.33917983843764
931,2,348.0,352.0,65.49461066540333,65.19258853831448,65.49461066540333
932,2,348.0,350.0,122.33420457426084,121.0525254604669,122.33420457426084
933,1,348.0,348.0,162.84665559275072,162.84665559275072,162.84665559275072
934,1,348.0,348.0,129.70471889868043,129.70471889868043,129.70471889868043
935,2,348.0,350.0,150.63333604061663,150.50649401399025,150.63333604061663
936,3,350.0,356.0,148.63370862862774,160.0708361890148,160.0708361890148
937,2,350.0,354.0,184.50983428296928,36.01987085047822,184.50983428296928
938,5,352.0,364.0,180.3783892991684,168.73324941997348,180.3783892991684
939,4,352.0,360.0,154.18383683042208,123.60259421742415,201.0985689155401
940,8,352.0,366.0,106.93439274277709,110.71924104106814,110.71924104106814
941,1,356.0,356.0,105.7851707881466,105.7851707881466,105.7851707881466
942,1,356.0,356.0,61.6594946506959,61.6594946506959,61.6594946506959
943,1,356.0,356.0,38.46432569254606,38.46432569254606,38.46432569254606
944,1,356.0,356.0,37.77964438223469,37.77964438223469,37.77964438223469
945,1,356.0,356.0,123.5046952383886,123.5046952383886,123.5046952383886
946,4,356.0,366.0,159.0013974789574,159.99127416004822,163.86769662891032
947,1,356.0,356.0,125.74721430737934,125.74721430737934,125.74721430737934
948,5,356.0,366.0,167.15253085032367,167.5975465106886,167.5975465106886
949,2,356.0,360.0,107.05934046922732,113.73144039782719,113.73144039782719
950,2,356.0,360.0,120.9894005515366,122.83276682185287,122.83276682185287
951,1,356.0,356.0,58.05398414332969,58.05398414332969,58.05398414332969
952,1,356.0,356.0,71.89820965521159,71.89820965521159,71.89820965521159
953,2,356.0,360.0,146.25465582862904,145.35082994531044,146.25465582862904
954,1,356.0,356.0,209.78750702393037,209.78750702393037,209.78750702393037
955,1,358.0,358.0,72.23389546691149,72.23389546691149,72.23389546691149
956,1,358.0,358.0,115.60793874593995,115.60793874593995,115.60793874593995
957,1,358.0,358.0,132.51611147701007,132.51611147701007,132.51611147701007
958,4,358.0,366.0,85.74939283076915,86.65041024313304,88.29521919341613
959,4,360.0,366.0,124.69483277307768,125.17890827553836,126.19194501236076
960,2,360.0,364.0,57.84525497881402,57.358966026207796,57.84525497881402
961,2,362.0,366.0,105.30262672459092,105.5803590359322,105.5803590359322
962,3,362.0,366.0,147.47272515153884,142.59605720152487,148.19188799523437
963,1,364.0,364.0,197.78526682350014,197.78526682350014,197.78526682350014
964,2,364.0,366.0,152.09278762896167,153.16474337048123,153.16474337048123
965,2,364.0,366.0,203.55284636863144,198.66844904827065,203.55284636863144
966,1,366.0,366.0,38.414640859287665,38.414640859287665,38.414640859287665
967,1,366.0,366.0,61.58717889111377,61.58717889111377,61.58717889111377
968,1,366.0,366.0,81.49366518532965,81.49366518532965,81.49366518532965
969,1,366.0,366.0,44.695781072596446,44.695781072596446,44.695781072596446
970,1,366.0,366.0,146.13708250763352,146.13708250763352,146.13708250763352
971,1,366.0,366.0,121.81269906846161,121.81269906846161,121.81269906846161
972,1,366.0,366.0,78.56631156466536,78.56631156466536,78.56631156466536
973,1,366.0,366.0,143.84511059292606,143.84511059292606,143.84511059292606
974,1,366.0,366.0,129.8175589591586,129.8175589591586,129.8175589591586
975,1,366.0,366.0,125.97482957154206,125.97482957154206,125.97482957154206
976,1,366.0,366.0,210.27550896387814,210.27550896387814,210.27550896387814
